part_number,description,quantity,price,make,model,year

04301-RNA-307,P/S BELT,1,68.992,Honda,"CR-Z, HR-V",2020

04711-3A0-A00ZZ,FACE FR BUMPER,2,298.9375,Honda,Pilot,"2010, 2011, 2012, 2013, 2014, 2015, 2016, 2017, 2018, 2019"

04711-T0A-A90ZZ,FACE FR BPR(DOT),1,336.625,Honda,"Crosstour, Element, HR-V, Insight, Pilot",2018

04711-T1W-A91ZZ,FACE FR (DOT),2,382.6625,Honda,Insight,2018

04711-T20-A00ZZ,FACE FR BUMPER,1,311.35,Honda,Crosstour,"2018, 2019, 2020, 2021"

04711-T7W-A80ZZ,FACE FR (DOT),0,368.4125,Honda,Clarity,"2013, 2014, 2015, 2016, 2017, 2018, 2019, 2020, 2021"

04711-TBA-A00ZZ,FACE FR BUMPER,1,393.45,Honda,Civic,2022

04711-TBA-A50ZZ,FACE FR BUMPER,2,424.5625,Honda,Ridgeline,"2022, 2023"

04711-TG7-A50ZZ,FACE FR BUMPER,1,383.15,Honda,"CR-Z, Odyssey, S2000",2011

04711-TGG-A00ZZ,FACE FR BUMPER,1,632.2875,Honda,Pilot,"2019, 2020, 2021, 2022, 2023"

04711-THR-A00ZZ,FACE FR BUMPER,1,667.55,Honda,S2000,2021

04711-TLA-A00ZZ,FACE FR BUMPER,2,449.6875,Honda,"Crosstour, Ridgeline",2010

04711-TLA-A50ZZ,FACE FR BUMPER,2,449.6875,Honda,CR-Z,"2015, 2016"

04711-TR3-A50ZZ,FACE FR BUMPER,2,443.6875,Honda,HR-V,"2017, 2018, 2019"

04712-T0A-A90,FACE FR BUMPER,1,270.8,Honda,"CR-Z, Element, Insight, Passport, Ridgeline",2021

04712-T1W-A91,FACE FR (DOT),2,270.8,Honda,Crosstour,"2018, 2019, 2020, 2021, 2022, 2023"

04712-TLA-A00ZZ,FACE R RR BPR,2,251.0375,Honda,"Passport, S2000","2015, 2016, 2017, 2018, 2019, 2020"

04715-SNA-A90ZZ,FACE RR BPR(DOT),0,424.5625,Honda,"Accord, CR-Z, Crosstour, Element, Ridgeline",2021

04715-T0A-A90,FACE RR BPR LWR(D,0,413.775,Honda,"Clarity, Insight, Passport","2019, 2020, 2021, 2022"

04715-T1W-A91ZZ,FACE RR (DOT),0,354.3125,Honda,"Civic, Insight, Ridgeline",2022

04715-T20-A00ZZ,FACE RR BUMPER,2,456.925,Honda,"Clarity, Ridgeline",2019

04715-T7W-A90,FACE RR (DOT),1,424.5625,Honda,HR-V,"2017, 2018, 2019, 2020, 2021"

04715-TBA-A00ZZ,FACE RR BUMPER,0,518.85,Honda,"Insight, Passport","2016, 2017"

04715-TK8-A80ZZ,FACE RR BPR(DOT),1,605.7875,Honda,Odyssey,"2016, 2017, 2018, 2019, 2020"

04715-TK8-A90ZZ,FACE RR BPR(DOT),1,605.7875,Honda,Odyssey,2017

04715-TR3-A50ZZ,FACE RR BUMPER,2,350.2125,Honda,"CR-Z, Passport, Ridgeline, S2000",2010

04717-TLA-A00ZZ,FACE L RR BPR,1,251.0375,Honda,Fit,"2012, 2013, 2014, 2015, 2016, 2017"

04770-S5A-405,DAB INFLATOR,7,109.2,Honda,Crosstour,2011

04790-S5A-A00,PAB INFLATOR,2,128.75,Honda,"CR-Z, Civic, Crosstour, Element",2020

04790-SNA-A00,PAB INFLATOR,2,128.75,Honda,CR-V,2023

04790-SWA-A00,PAB INFLATOR,6,128.75,Honda,Odyssey,"2010, 2011, 2012"

04818-TBA-A02ZA,OUTER SET L FR SE,0,205.175,Honda,"Accord, CR-Z, Crosstour, Fit, S2000","2011, 2012, 2013, 2014"

06160-5PA-305,KIT FUEL INJECTOR,0,607.0625,Honda,Civic,"2014, 2015, 2016, 2017, 2018, 2019, 2020, 2021"

06160-RLV-305,F INJ KIT,1,705.7125,Honda,"Civic, Element, Insight, Odyssey","2019, 2020, 2021, 2022"

06237-5J4-010,SCREW PLUG OIL,13,28.714,Honda,Element,2013

06730-SJC-315,KIT SUBFRM XBAR,3,871.875,Honda,HR-V,"2013, 2014, 2015, 2016, 2017, 2018, 2019"

06730-SWA-325,KIT TRG ARM HLDR,15,150,Honda,"Accord, CR-V, Fit, Ridgeline",2015

08200-9003C,VTM-4 DIFF FLUID,7,44.17,Honda,"Crosstour, Pilot, Ridgeline","2017, 2018, 2019"

08200-9007C,DPF II FLUID,78,16.915,Honda,Crosstour,"2017, 2018"

08200-HCF2C,HCF2 FLUID,139,23.086,Honda,"Civic, Crosstour, Element, S2000","2020, 2021, 2022, 2023"

08206-9002C,"P S FLUID""S""350ML",36,10.455,Honda,"CR-Z, Crosstour, Fit, Pilot",2013

08700-CBC00,CONT/BRKE CLEANER,42,5.61,Honda,"CR-Z, Civic, Fit, S2000","2014, 2015, 2016"

08700-WLG00,WHITE LITH GREASE,59,9.163,Honda,"Civic, HR-V, Passport",2015

08718-0004,HONDABOND HT,15,22.414,Honda,"CR-V, HR-V, Insight, Ridgeline","2021, 2022, 2023"

08798-9008C,BRAKE FLUID DOT 3,11,7.854,Honda,Ridgeline,"2020, 2021, 2022, 2023"

08798-9031C,MTF 1 LITRE,37,12.614,Honda,"Crosstour, Odyssey","2015, 2016, 2017, 2018, 2019, 2020, 2021, 2022"

08DEF-410746,INLINE HEATER 700,5,208.75,Honda,"CR-V, Civic, Crosstour, Odyssey",2021

08DEF-461007,CORD 1 5 & 2 5 PR,13,86.8,Honda,Civic,"2013, 2014, 2015, 2016, 2017"

08P09-30A-300,RR SPLASH GUARD,8,58.8,Honda,"Element, Pilot, S2000","2015, 2016, 2017, 2018"

08P09-T20-300,SPLASHGUARD RR,8,75.6,Honda,"CR-Z, Pilot, S2000",2022

08P09-T47-300,SET SPLASH GUARD,1,75.6,Honda,"Accord, Element, Pilot","2018, 2019, 2020, 2021, 2022"

08P09-TBA-300,SPLASH GUARDS RR,2,6.783,Honda,"Element, Odyssey, Passport, Pilot","2016, 2017, 2018"

08P09-THR-300,RR SPL GURD,2,103.6,Honda,"Crosstour, Odyssey",2010

08P17-3A0-110A,ALL SEASON MAT,13,206.25,Honda,Crosstour,"2021, 2022"

08P17-3V0-110,ALL SEASON MAT,2,197.5,Honda,"CR-Z, Ridgeline",2013

08P17-T20-110,ALL SEASON MAT,3,166.25,Honda,"CR-V, Clarity, Insight, Ridgeline, S2000",2013

08P17-T90-110,FLOOR MATS,2,238.75,Honda,"CR-V, Clarity, Fit, HR-V, Passport","2020, 2021"

08P17-THR-110A,FLOOR MATS,1,223.75,Honda,"CR-Z, HR-V, Insight","2010, 2011, 2012, 2013, 2014, 2015, 2016"

08T44-30A-300A,ENG BLK HEATER,3,131.25,Honda,"Crosstour, Pilot, Ridgeline",2013

08T44-SEC-10030,CORD ASSY,23,86.758,Honda,"Accord, CR-Z, Fit, HR-V, Insight","2010, 2011, 2012, 2013, 2014, 2015, 2016, 2017, 2018, 2019"

08T44-SJA-401A,BLOCK HEATER,19,134.4,Honda,"Odyssey, S2000",2023

08T44-SNA-302,BLOCK HEATER,33,134.4,Honda,"Accord, HR-V, Insight","2011, 2012, 2013, 2014, 2015, 2016, 2017, 2018, 2019, 2020, 2021, 2022"

08T44-SVB-301,BLOCK HEATER,3,172.5,Honda,Crosstour,2019

08T44-TLA-300A,BLOCK HEATER,7,133,Honda,CR-Z,2022

08U45-3A0-100A,CARGO TRAY HYB,2,131.25,Honda,"Clarity, Crosstour, Element, HR-V, Passport",2015

08U45-3A0-300,CARGO TRAY,1,131.25,Honda,"CR-V, CR-Z, Fit","2011, 2012, 2013, 2014, 2015, 2016, 2017, 2018, 2019, 2020, 2021, 2022, 2023"

08W17-PC4300,"17"" STEEL WHEEL",50,118.384,Honda,S2000,"2011, 2012, 2013, 2014, 2015"

08W42-SNA-301,WHEEL LK-EXPOSED,19,51.8,Honda,"CR-V, CR-Z, Ridgeline",2023

08W42-TG7-101A,WHEEL LOCK,1,106.4,Honda,"CR-Z, Element",2019

08W42-TK4-301,WHEEL LOCK KIT,8,113.4,Honda,"Accord, Passport",2023

0W20,0W20 BULK,79,10.098,Honda,CR-V,"2021, 2022"

102918387,GOODYEAR 235/40R19,0,282.725,Honda,Accord,"2017, 2018, 2019, 2020"

109104366,GOODYEAR EAGLE 235/40R18,0,260.175,Honda,"CR-V, Clarity, Crosstour, Passport, Pilot","2010, 2011, 2012, 2013, 2014, 2015, 2016, 2017, 2018"

10W30S,AMS SYNTHETIC,17,16.744,Honda,"CR-Z, Insight, Odyssey, Passport, Ridgeline",2019

1118,BLIZZ WS90 215/55R16,65,237.8375,Honda,Civic,2022

1127,BLIZZ WS90 225/65R17,0,228.3875,Honda,CR-Z,"2013, 2014, 2015, 2016, 2017, 2018, 2019"

114-1012-17-B,"17"" BLACK HO1012 ALLOY WHEEL",8,183.925,Honda,HR-V,"2016, 2017, 2018, 2019, 2020, 2021"

114-367-17-S,"17"" SILV HO367 ALLOY WHEEL",12,183.925,Honda,HR-V,"2019, 2020, 2021, 2022"

114-395-16-B,"16"" BLACK HO395 ALLOY WHEEL",44,148.75,Honda,CR-V,"2017, 2018, 2019, 2020"

114-395-16-G,"16"" GREY HO395 ALLOY WHEEL",0,148.75,Honda,"CR-V, Ridgeline","2016, 2017, 2018, 2019, 2020, 2021"

114-395-17-B,"17"" BLACK HO395 ALLOY WHEEL",8,178,Honda,Civic,"2012, 2013, 2014, 2015, 2016, 2017, 2018, 2019, 2020, 2021, 2022, 2023"

114-80-17-B,"17"" BLACK HO80 ALLOY WHEEL",0,183.925,Honda,"Accord, CR-V, CR-Z, HR-V",2014

1180,BLIZZAK 215/60R17,3,224.0625,Honda,S2000,"2012, 2013, 2014, 2015, 2016, 2017, 2018"

11811-PLC-000,COVER T/B LOWER,2,34.762,Honda,Ridgeline,"2011, 2012, 2013, 2014, 2015, 2016, 2017, 2018, 2019, 2020, 2021, 2022, 2023"

120-427-18-B,"18"" BLACK HO427 ALLOY WHEEL",16,212.375,Honda,Odyssey,"2011, 2012, 2013, 2014, 2015, 2016, 2017"

120-950-18-B,"18"" BLACK HO950 ALLOY WHEEL",24,212.375,Honda,Ridgeline,"2018, 2019, 2020, 2021"

12210-PZ1-003,SEAL A VALVE STEM,15,7.582,Honda,HR-V,"2013, 2014, 2015, 2016, 2017, 2018, 2019, 2020, 2021, 2022"

12211-PZ1-004,SEAL B VALVE STEM,15,3.281,Honda,"Crosstour, Element, HR-V, Pilot","2020, 2021, 2022, 2023"

12251-R70-A01,GASKET COMP CYLN,1,64.358,Honda,"Accord, CR-V, Crosstour, Passport, Pilot",2022

12290-59B-003,NGK ILZKAR8H8S,12,27.832,Honda,"CR-V, Odyssey, S2000","2022, 2023"

12290-5A2-A02,SPARK PLUG DXE22H,24,26.11,Honda,"Clarity, Passport, Ridgeline",2015

12290-5R0-003,SPARK PLUG DILZKA,8,26.712,Honda,Insight,"2020, 2021, 2022"

12290-6A0-A01,SPARK PLUG DILKAR,1,28.462,Honda,CR-V,2011

12290-R40-A01,S PLUG ILZKR7B11S,15,28.042,Honda,"Fit, Odyssey",2010

12290-R41-L01,SPARK PLUG DILZKR,16,28.042,Honda,Clarity,"2012, 2013, 2014, 2015"

12290-R70-A01,S PLUG ILZKR7B11,12,28.042,Honda,"CR-Z, Element, Insight, Odyssey","2011, 2012, 2013, 2014, 2015, 2016, 2017, 2018, 2019, 2020, 2021, 2022"

12290-R71-L01,SPARK PLUG,36,28.042,Honda,"Accord, CR-Z","2019, 2020"

12290-R9P-A01,SPARK PLUG DILZKR,24,28.042,Honda,S2000,"2018, 2019, 2020, 2021, 2022, 2023"

12341-59B-013,PKG HEAD COVER,31,21.294,Honda,"Clarity, Odyssey, Ridgeline, S2000",2023

12341-5A2-A01,PKG HEAD COVER A,8,17.78,Honda,"HR-V, S2000",2016

12341-5G0-A00,PKG HEAD COVER FR,5,18.676,Honda,S2000,"2014, 2015, 2016, 2017, 2018, 2019, 2020, 2021, 2022"

12341-P8A-A00,PKG HEAD COVER,2,14.399,Honda,Fit,2021

12341-PLC-000,PKG HEAD COVER,3,17.402,Honda,"HR-V, Passport, Pilot","2021, 2022"

12341-R40-A00,PKG HEAD COVER,9,17.402,Honda,CR-Z,"2021, 2022, 2023"

12341-R70-A00,PKG HEAD COVER FR,10,18.788,Honda,Element,2012

12341-RCA-A01,PKG HEAD COVER,5,16.201,Honda,Crosstour,"2015, 2016, 2017, 2018, 2019, 2020, 2021, 2022, 2023"

12341-RNA-A01,PKG HEAD COVER,5,17.402,Honda,Passport,2023

12341-RPY-G01,PKG HEAD COVER A,11,22.33,Honda,"Accord, Clarity, Element, HR-V, S2000",2019

12341-RTA-000,PKG HEAD COVER,8,17.402,Honda,"Civic, Fit",2023

12342-PCX-004,SEAL SPARK PLUG T,2,8.432,Honda,"CR-V, Crosstour, S2000",2021

12342-RYE-004,SEAL SPARK PLUG T,18,5.661,Honda,"Element, Ridgeline","2019, 2020, 2021, 2022"

12351-5G0-A00,PKG HEAD COVER RR,4,18.676,Honda,"Crosstour, Element, Passport, S2000","2019, 2020, 2021, 2022"

12351-R70-A00,PKG HEAD COVER RR,9,18.788,Honda,"Fit, Odyssey, Passport","2021, 2022, 2023"

12513-P72-003,PLUG CYLN HEAD,6,15.47,Honda,Element,"2017, 2018, 2019, 2020, 2021"

13011-R70-A12,RING SET PISTON,20,66.262,Honda,Odyssey,"2013, 2014, 2015, 2016, 2017, 2018, 2019, 2020, 2021, 2022, 2023"

13213-P8F-A11,BRG C CONNROD,24,25.844,Honda,"Crosstour, Insight","2012, 2013, 2014"

14210-PNA-000,SPROCKET C-CHAIN,4,123.746,Honda,"Accord, Clarity, Crosstour, Element, HR-V","2012, 2013, 2014, 2015, 2016, 2017, 2018, 2019"

14310-R5A-305,VTC ACTUATOR,11,217.6375,Honda,"CR-V, Element, Fit, HR-V",2023

14400-R9P-A01,BELT TIMING 197YU,6,115.01,Honda,"Civic, Element, HR-V, Passport, Ridgeline",2023

14400-RCA-A01,BELT TIMING 197YU,6,115.01,Honda,"Civic, Element, Odyssey, Ridgeline","2011, 2012, 2013, 2014, 2015, 2016, 2017, 2018, 2019, 2020"

14401-R40-A01,CHAIN(176L),7,166.7,Honda,Crosstour,2016

14510-5A2-A02,TENS COMP C-CHAIN,4,96.082,Honda,"Fit, HR-V, Pilot, Ridgeline, S2000",2014

14510-R40-A01,TENS COMP C-CHAIN,6,74.802,Honda,"Element, Odyssey, Pilot, Ridgeline",2020

14520-RAH-H01,ARM COMP CAM CHA,5,54.866,Honda,S2000,2015

14520-RCA-A01,TENSIONER COMP T/,12,213.4875,Honda,Crosstour,2015

14530-RZA-A01,GUIDE COMP C-CHAI,5,29.302,Honda,"CR-V, CR-Z, Clarity, Fit",2023

14540-RAA-A02,GUIDE COMP CAM C,5,12.495,Honda,Pilot,"2017, 2018"

14625-59B-000,ARM ASSY ROCKER,0,43.61,Honda,Element,"2016, 2017, 2018, 2019, 2020, 2021, 2022, 2023"

14721-P8E-A00,VALVE EXHAUST,4,37.436,Honda,"CR-Z, Civic, Element, Odyssey, Pilot","2019, 2020"

14721-PNA-000,VALVE EXHAUST,3,57.89,Honda,Ridgeline,"2014, 2015, 2016, 2017, 2018, 2019"

14721-R44-A00,VALVE EXHAUST,0,29.456,Honda,"CR-Z, HR-V, Insight, Odyssey, Passport","2016, 2017, 2018"

15115-P8A-A01,PKG OIL HOLE,6,5.899,Honda,"Accord, Crosstour, HR-V, Odyssey, S2000",2023

15221-RYE-A01,RING O,5,5.457,Honda,"Accord, Ridgeline",2013

15302-5G0-A00,PKG OIL FILTER BA,2,11.016,Honda,"Accord, CR-Z, Clarity, Element, S2000","2021, 2022"

15302-RDV-J00,PKG OIL FILTER BA,3,19.922,Honda,S2000,"2019, 2020, 2021"

15312-R40-A01,O-RING A OIL FILT,0,9.469,Honda,"CR-V, S2000",2018

15400-RTA-003,OIL FILTER CARTRI,260,13.26,Honda,"CR-V, Clarity, Fit, Pilot",2018

15501000000,CONT CROSS CONT 235/55R19,0,371.2875,Honda,Odyssey,"2016, 2017, 2018, 2019, 2020, 2021"

15575000000,CONT CONT 91W 235/40R18,0,427.1375,Honda,CR-Z,"2013, 2014, 2015, 2016"

15743,BLIZZ DMV2 235/65R17,4,257.3,Honda,"CR-V, Civic, Passport",2017

15810-R70-A04,VALVE ASSY SPOOL,10,246.5625,Honda,Passport,2014

15815-R40-A01,FILTER ASSY VTEC,3,10.455,Honda,"Accord, CR-Z, Civic, Crosstour, HR-V",2019

15815-RAA-A02,FILTER ASSY SPOOL,5,7.684,Honda,Passport,"2010, 2011, 2012, 2013, 2014, 2015, 2016, 2017, 2018"

15815-RPY-G01,FILTER ASSY SPOOL,3,17.402,Honda,CR-Z,2023

15825-P8A-A01,FILTER ASSY SPOOL,2,24.136,Honda,"Civic, Pilot, S2000","2022, 2023"

15826-RNA-A01,FILTER ASSY SPOOL,2,7.82,Honda,Crosstour,2022

15832-PNA-023,O-RING,1,11.424,Honda,"Civic, Clarity, Insight, Odyssey, S2000","2011, 2012, 2013, 2014, 2015, 2016, 2017, 2018, 2019, 2020, 2021, 2022, 2023"

15832-RAA-A01,RING SEAL OCV,18,20.944,Honda,"Clarity, Crosstour, Ridgeline, S2000",2013

15862,BLIZZ DMV2 235/60R18,16,301.0875,Honda,"CR-V, Clarity, Element, Odyssey","2013, 2014, 2015, 2016"

16010-5PA-305,SET FUEL INJECTOR,1,491.525,Honda,HR-V,"2020, 2021, 2022"

16012-5PA-315,SET FUEL JOINT PI,3,193.975,Honda,"Crosstour, Pilot, S2000","2010, 2011, 2012, 2013, 2014, 2015, 2016, 2017"

16083,BLIZZ DMV2 245/60R18,11,304.325,Honda,"Crosstour, Fit, HR-V","2011, 2012, 2013, 2014, 2015, 2016, 2017"

16219,BRDG BLIZZ 255/60R18,0,330,Honda,Civic,"2013, 2014"

17105-5AA-004,PKG IN MANIFOLD,6,7.854,Honda,Civic,"2010, 2011, 2012, 2013, 2014, 2015, 2016, 2017"

17122-5G0-A00,RUBBER ENG COVER,3,3.077,Honda,"CR-V, Clarity, HR-V, Passport",2011

17130-PND-A01,VALVE ASSY PCV,2,34.482,Honda,Clarity,2013

17130-RCA-A02,VALVE ASSY PCV,3,53.634,Honda,"Accord, CR-Z, Clarity, Pilot",2011

17220-51B-H00,ELEMENT ASSY AIR,3,23.03,Honda,Passport,"2021, 2022"

17220-5A2-A00,ELEMENT ASSY AIR/,2,23.03,Honda,"CR-Z, Clarity",2015

17220-5AA-A00,ELEMENT ASSY AIR,21,23.03,Honda,"CR-V, Pilot","2022, 2023"

17220-5BA-A00,ELEMENT ASSY AIR,15,23.03,Honda,Fit,2010

17220-5J6-A10,ELEMENT ASSY CLE,21,39.858,Honda,"CR-Z, Clarity, Element, Insight, Passport",2021

17220-5LA-A00,ELEMENT ASSY AIR,5,23.03,Honda,"Crosstour, Insight, Ridgeline",2015

17220-5R0-008,ELEMENT ASSY AIR/,3,23.03,Honda,"Accord, Pilot",2013

17220-64A-A00,ELEMENT ASSY AIR,4,23.03,Honda,"Accord, Civic",2014

17220-6A0-A00,ELEMENT ASSY AIR,1,23.03,Honda,Element,"2016, 2017, 2018, 2019, 2020, 2021"

17220-6B2-A00,ELEMENT ASSY AIR,3,23.03,Honda,CR-V,"2021, 2022, 2023"

17220-R1A-A01,ELEMENT ASSY AIR/,8,23.03,Honda,"CR-V, Clarity, HR-V","2012, 2013, 2014, 2015, 2016, 2017, 2018, 2019"

17220-R5A-A00,ELEMENT ASSY AIR/,5,23.03,Honda,Ridgeline,2023

17220-REZ-A00,ELEMENT ASSY AIR/,2,23.03,Honda,"Element, Fit, HR-V, Passport, S2000",2018

17220-RJE-A10,ELEMENT ASSY AIR/,1,39.858,Honda,"Crosstour, Passport, Pilot",2014

17220-RN0-A00,ELEMENT ASSY CLEA,4,39.858,Honda,Odyssey,2010

17220-RNA-A00,ELEMENT ASSY AIR/,3,23.03,Honda,"Element, Fit, Insight, Ridgeline, S2000","2013, 2014, 2015, 2016, 2017"

17220-RV0-A00,ELEMENT ASSY CLEA,3,39.858,Honda,Crosstour,"2015, 2016, 2017, 2018, 2019, 2020, 2021, 2022, 2023"

17220-RZA-000,ELEMENT ASSY AIR/,3,23.03,Honda,"CR-Z, Civic, Insight","2020, 2021, 2022, 2023"

17225-R1A-A01,TUBE AIR FLOW,5,16.044,Honda,"Accord, CR-V, CR-Z, Clarity, S2000",2021

17228-RN0-A00,TUBE AIR FLOW,3,39.424,Honda,"Clarity, Passport, S2000",2023

17230-5BA-A00,CHAMBER ASSY RES,2,97.566,Honda,Odyssey,2016

17670-T3W-A01,CAP COMP FUEL FIL,5,44.002,Honda,Pilot,"2014, 2015, 2016, 2017, 2018"

18115-R70-A01,GSKT EXH CHAMBER,2,12.24,Honda,"CR-V, CR-Z, Crosstour, Fit, HR-V",2017

18212-SA7-003,GASKET EXH PIPE,4,15.504,Honda,"CR-Z, Insight, Odyssey","2018, 2019, 2020, 2021"

18229-SNE-A01,GASKET FLEX EXH,1,18.648,Honda,"Accord, Civic, Odyssey","2014, 2015, 2016, 2017, 2018, 2019, 2020"

18303-SM4-020,GASKET SILENCER,2,16.184,Honda,"CR-V, Clarity, Insight","2010, 2011, 2012, 2013, 2014, 2015, 2016, 2017, 2018, 2019, 2020, 2021, 2022, 2023"

19200-RDV-J01,PUMP COMP WATER,7,201.6875,Honda,"CR-V, Clarity, Element, Passport, Ridgeline",2019

194,BULB,23,0.85,Honda,Insight,2013

19411-P8A-A03,GSKT FR WATER PAS,2,9.061,Honda,Civic,"2020, 2021"

19412-P8A-A02,GSKT RR WATER PAS,2,5.508,Honda,HR-V,2023

19710-5PA-A01,INTERCOOLER COMP,0,222.3125,Honda,S2000,2016

19716-5AA-A01,PKG INTCLR,4,27.524,Honda,"Accord, Crosstour, Element, HR-V",2016

21285,FIRESTONE FT140 2155516,0,187.9,Honda,Accord,"2019, 2020, 2021"

24121,PERMATEX SILICONE BRAKE LUBE,6,29.414,Honda,Fit,"2010, 2011, 2012, 2013, 2014, 2015, 2016"

25430-PLR-003,FILTER COMP ATF,2,43.512,Honda,"Accord, Civic, Clarity, Passport, S2000",2023

28600-R36-004,SW ASSY AT OIL PR,3,102.942,Honda,"Accord, CR-Z, HR-V","2016, 2017, 2018, 2019, 2020"

28610-R36-004,SW ASSY AT OIL PR,1,103.194,Honda,Clarity,2012

28660-R9L-003,SENSOR ASSY OIL P,1,96.894,Honda,"CR-Z, Civic, Insight, Passport","2014, 2015"

3040,2356018 FIRESTONE ALL SEASON,0,220.075,Honda,Ridgeline,2018

30520-59B-023,COIL ASSY PLUG T,3,74.494,Honda,"Civic, Fit, HR-V, Ridgeline",2021

30520-RCA-S01,COIL COMP PLUG HO,7,236.1125,Honda,Element,"2014, 2015, 2016, 2017, 2018"

31100-RV0-A12,ALTERNATOR (CSK52,4,580.95,Honda,Element,"2017, 2018"

31110-R1A-A01,BELT ACG,3,66.332,Honda,"CR-V, Fit, Passport, S2000",2015

31110-R1A-A21,BELT ACG,1,43.218,Honda,"Fit, Insight, Odyssey, Pilot",2011

31110-R2A-M12,BELT ACG,2,50.12,Honda,"Clarity, Passport",2017

31170-RAA-A02,TENSIONER ASSY AU,3,138.15,Honda,"Clarity, Crosstour, HR-V, Passport, Ridgeline","2011, 2012, 2013, 2014, 2015, 2016, 2017"

31200-5A2-A52,MOTOR ASSY STARTE,4,367.5875,Honda,Fit,"2016, 2017, 2018, 2019"

31200-RNA-A51,MOTOR ASSY STARTE,3,221.675,Honda,"CR-V, Civic, HR-V, Ridgeline","2020, 2021, 2022, 2023"

31500-CCA-H500,BATT 51 500CCA,4,173.0625,Honda,"Civic, Fit, HR-V, Odyssey","2019, 2020"

31500-CCA-H500R,BATT 51R 500CCA,69,173.075,Honda,S2000,"2011, 2012, 2013, 2014, 2015, 2016, 2017, 2018, 2019, 2020, 2021, 2022, 2023"

31500-SD4-H650,BATTERY24F675CCA,17,184.7,Honda,"CR-Z, Civic, Crosstour, Passport, Ridgeline",2017

31500-SL5-H500,GRP 35/500 CCA EAST,9,168.95,Honda,"CR-Z, S2000",2017

31500-TBA-H650,BATTERY 650CCA,21,210.8125,Honda,Element,"2012, 2013, 2014, 2015"

31500-TLA-H560,BATTERY EFB,16,246.2375,Honda,"Accord, Civic, Element, Ridgeline, S2000","2017, 2018, 2019"

31500-TZ3-H760,GROUP48 AGM,5,357.8125,Honda,Pilot,2015

31670-BMS-004H,OPTIMATE TM233,9,113.4,Honda,"CR-Z, Crosstour","2013, 2014, 2015, 2016, 2017, 2018, 2019"

32109-T6Z-305,HARN TAILGATE,3,23.982,Honda,CR-Z,"2010, 2011, 2012, 2013, 2014, 2015, 2016, 2017, 2018, 2019, 2020, 2021, 2022"

32109-T6Z-A02,WIRE HARN TAILGAT,1,23.982,Honda,"Crosstour, Element, Odyssey, Ridgeline, S2000","2016, 2017"

33100-TBA-A01,LIGHT ASSY R HEA,1,511.4125,Honda,"Clarity, Element, Fit, Ridgeline",2023

33100-TLA-305,LIGHT ASSY R HEAD,1,794.75,Honda,"Accord, CR-V, Fit, S2000",2019

33100-TR0-A51,LIGHT ASSY R HEAD,1,496.525,Honda,"Civic, Clarity","2020, 2021"

33102-TLA-A01,MLDG HOLDER R,10,8.007,Honda,"CR-V, Civic","2010, 2011, 2012, 2013, 2014, 2015, 2016, 2017, 2018, 2019, 2020, 2021, 2022"

33115-S84-A01,BULB HEAD LIGHT (,1,18.368,Honda,"CR-V, Insight","2022, 2023"

33115-SJC-A01,BULB HEAD LIGHT (,4,20.72,Honda,Passport,"2019, 2020, 2021, 2022, 2023"

33115-TY0-003,BULB HEAD LIGHT (,5,41.104,Honda,Ridgeline,2018

33116-TA0-A01,BULB HEAD LIGHT (,3,20.608,Honda,Insight,"2013, 2014, 2015, 2016, 2017, 2018, 2019, 2020, 2021, 2022, 2023"

33152-TLA-A01,MLDG HOLDER L,13,7.14,Honda,HR-V,"2012, 2013, 2014, 2015, 2016, 2017, 2018, 2019"

33155-TBA-A01,CLIP,2,26.74,Honda,"Accord, Clarity, Crosstour, HR-V","2010, 2011, 2012, 2013, 2014, 2015, 2016"

33165-SAA-003,BULB FOG LIGHT (H,14,26.95,Honda,"CR-V, HR-V, Passport, Ridgeline, S2000",2019

33303-SL4-003,BULB 12V 21W WEDG,4,7.293,Honda,"CR-V, Fit","2022, 2023"

33500-TBA-A01,LIGHT ASSY R TAIL,2,252.3875,Honda,"CR-Z, Clarity, Crosstour, Pilot, Ridgeline",2020

33505-TVA-A01,REAR RR ASSY R,3,38.234,Honda,Odyssey,2014

33550-TBA-A01,LIGHT ASSY L TAIL,2,252.3875,Honda,"CR-V, Crosstour, Fit, Insight",2010

33800-TBA-A02,LIGHT ASSY R FR S,0,19.138,Honda,Passport,"2012, 2013, 2014, 2015, 2016, 2017, 2018, 2019, 2020, 2021"

33850-TBA-A02,LIGHT ASSY L FR S,2,19.138,Honda,Fit,"2019, 2020, 2021, 2022"

33900-T0A-A01,LIGHT ASSY FR FOG,2,239.75,Honda,Passport,2015

33900-T5R-A01,LIGHT ASSY R FR,1,226.65,Honda,Pilot,2011

33900-T6Z-A01,LIGHT ASSY R FRFO,2,125.664,Honda,Civic,"2020, 2021"

33900-TEY-Y01,LIGHT ASSY R FR F,1,299.0375,Honda,"Crosstour, Odyssey","2014, 2015, 2016, 2017, 2018, 2019, 2020, 2021, 2022"

33900-TLA-A21,LIGHT ASSY R FR,1,209.1125,Honda,Insight,2022

33950-T5R-A01,LIGHT ASSY L FR,2,226.65,Honda,"CR-V, Civic, Crosstour, Element, Fit","2017, 2018, 2019"

33950-T6Z-A01,LIGHT ASSY L FRFO,2,125.664,Honda,Civic,"2016, 2017, 2018, 2019, 2020, 2021, 2022"

34417,MICH XICE 2155516,0,249.875,Honda,Ridgeline,2018

34906-ST5-003,BULB (12V 21W/5W),12,9.69,Honda,"HR-V, Odyssey, Passport, Pilot","2016, 2017"

35102-SV4-003,BOLT BRAKE HEAD,9,10.472,Honda,Odyssey,2020

35102-TR0-003,BOLT BREAK HEAD,2,12.376,Honda,"Accord, Element, Insight, Ridgeline","2022, 2023"

35111-SHJ-305,KEY COMP IMMOBI &,1,115.304,Honda,"Accord, Insight, Passport, S2000",2023

35111-SWA-306,BLANK-KEY COMP I,2,89.222,Honda,"Clarity, Passport",2011

35113-S0X-A01,KEY COMP IMMOBI,3,98.896,Honda,"CR-V, Civic, Fit, Odyssey, S2000",2021

35116-SDA-A11,SCREW FLAT,1,4.505,Honda,"HR-V, S2000","2018, 2019, 2020, 2021"

35118-SDA-A01,KEY COMP IMMOBI,3,38.276,Honda,Passport,"2012, 2013, 2014"

35118-SDA-A11,KEY COMP IMMOBI,2,136.36,Honda,Clarity,2023

35118-T2A-A50,BLANK-KEY COMP E,10,37.688,Honda,Clarity,2014

35118-T2A-A60,BLANK-KEY COMP I,2,92.316,Honda,Odyssey,2014

35119-SDA-A01,KEY COMP IMMOBI,1,52.752,Honda,Pilot,2023

35881-T4N-H03,SWITCH ASSY,1,172.7,Honda,"Clarity, Ridgeline, S2000",2017

35881-TG7-A04,SW ASSY START STO,2,119.014,Honda,"Accord, CR-Z, Civic, Crosstour, Odyssey","2011, 2012, 2013, 2014, 2015"

36162-5G0-A01,VALVE ASSY PURGE,2,41.86,Honda,"CR-V, Crosstour, HR-V, Odyssey, S2000",2023

36805-TLA-A00,BRKT SET,0,313.15,Honda,Crosstour,2023

36806-TLA-A01,CLIP ALIGNMENT BO,2,16.252,Honda,S2000,"2012, 2013"

37240-PT0-014,SW OIL PRESS,4,37.226,Honda,Odyssey,2010

37240-R70-A04,SW ASSY OIL PRESS,2,54.236,Honda,"CR-V, CR-Z, Crosstour",2016

37241-RNA-A01,SW ASSY OIL PRESS,20,84.616,Honda,"CR-V, Element, HR-V",2016

38387-TZ5-A01,ANT ASSY LF,4,65.31,Honda,"CR-Z, Civic, Crosstour, Ridgeline",2015

38899-RLV-A01,POE COMP OIL (1),13,14.91,Honda,"Fit, Pilot, S2000",2013

38918-64A-318,SET SEAL ASSY,9,33.866,Honda,"CR-V, CR-Z, Clarity, Element, S2000",2015

38920-RBB-E03,BELT COMPRESSOR,1,111.566,Honda,"Accord, Passport, Pilot, S2000","2017, 2018, 2019, 2020, 2021, 2022"

39165-TG7-AE0,90-DEG FEEDER GRN,9,15.283,Honda,"Accord, Clarity","2011, 2012, 2013, 2014, 2015"

39165-TG7-AF0,90-DEG FEEDER RED,9,15.283,Honda,"Accord, HR-V, Odyssey",2022

39165-THR-AA0,STRGHT FEEDER RED,111,12.631,Honda,Insight,"2018, 2019, 2020, 2021, 2022"

39165-THR-AB0,STRGHT FEEDER GRN,125,12.631,Honda,"CR-Z, Crosstour, Element, Fit, Insight",2017

39165-THR-AC0,STRGHT FEEDER BLU,474,12.631,Honda,"CR-Z, Civic, Crosstour, Fit, HR-V",2017

39680-T6Z-A01ZA,SENSOR ASSY PARKI,2,85.848,Honda,"CR-V, Element, Passport","2016, 2017, 2018, 2019, 2020, 2021, 2022"

39681-TX4-A01ZJ,COVER ASSY PARKI,3,41.664,Honda,S2000,2013

39794-SDA-A05,RELAY ASSY MICRO,6,33.88,Honda,"Accord, CR-V, Civic, Insight, S2000",2013

39817-THR-305,SPLICE BOX,329,4.777,Honda,"Civic, Odyssey, Pilot, Ridgeline","2021, 2022, 2023"

39817-TJB-AC0,HOUSING FAKRA SER,18,19.95,Honda,Fit,"2022, 2023"

42510-T0G-A04,CRV13-15 RR DISK,4,128.142,Honda,S2000,"2014, 2015"

42510-TBA-A00,DISK RR BRAKE 9T,6,108.822,Honda,"Accord, Civic, Element, Fit, S2000",2019

42510-TK8-A01,DRUM IN DISK RR B,4,128.142,Honda,"Insight, S2000",2011

42510-TR3-A01,DISK RR BRAKE,3,108.822,Honda,"Clarity, Pilot, Ridgeline, S2000",2019

42700-TBA-A12,WHEEL DISK 16X7J,84,99.008,Honda,Accord,"2018, 2019, 2020, 2021"

42753-SHJ-A53,SENSOR ASSY TPMS,7,45.766,Honda,"Accord, Crosstour, HR-V, Pilot, Ridgeline",2013

42753-SWA-316,SENSOR ASSY TPMS,8,45.766,Honda,"CR-Z, Clarity, Crosstour, Fit, Odyssey",2015

42753-T6N-E03,SENSOR ASSY TPMS,44,32.956,Honda,HR-V,"2014, 2015, 2016, 2017, 2018"

42753-TP6-A82,SENSOR ASSY TPMS,4,45.766,Honda,Clarity,"2015, 2016, 2017, 2018"

42754-SHJ-A71,NUT TPMS VALVE,4,5.78,Honda,"Clarity, Passport","2015, 2016, 2017, 2018, 2019"

42754-STK-A01,NUT TPMS VALVE,3,5.78,Honda,Fit,2021

42754-TY2-A81,NUT TPMS VALVE,22,5.78,Honda,"CR-V, Insight, Pilot","2021, 2022, 2023"

42755-SHJ-A51,WASHER TPMS VALVE,11,3.655,Honda,Insight,"2018, 2019"

42755-STK-A01,WASHER TPMS VALVE,6,2.907,Honda,"CR-Z, Element, S2000","2020, 2021"

43022-TK8-A01,SET PAD RR,1,93.59,Honda,"Crosstour, Element, Ridgeline","2011, 2012, 2013, 2014, 2015, 2016, 2017, 2018, 2019, 2020, 2021, 2022, 2023"

43022-TP6-A02,PAD SET RR,8,93.59,Honda,Civic,"2017, 2018, 2019, 2020"

43022-TR0-A02,SET PAD RR,0,93.59,Honda,"CR-V, Fit, Pilot","2011, 2012, 2013, 2014, 2015, 2016, 2017, 2018"

43022-TXM-A02,SET PAD RR,4,93.59,Honda,"CR-Z, Clarity, HR-V, Insight, Ridgeline","2016, 2017, 2018"

43153-SNA-A03,SHOE COMP RR BR,4,21.336,Honda,"CR-Z, Element, HR-V, Insight, Passport","2016, 2017"

44300-TG7-A01,BRG ASSY FR HUB,1,105.252,Honda,Clarity,"2018, 2019"

44300-TLA-A51,BRG ASSY FR HUB,1,192.55,Honda,"CR-V, Pilot, Ridgeline",2012

44300-TR0-951,BRG ASSY FR HUB,1,105.84,Honda,"Accord, Civic, Crosstour","2014, 2015, 2016"

44732-TR3-A01,CAP ASSY WHEEL CT,7,24.36,Honda,"Civic, Passport","2014, 2015, 2016"

44733-TBA-A25,TRIM ASSY WHEEL 1,7,35.084,Honda,Accord,2023

45022-SHJ-406,PAD SET FR,1,93.59,Honda,Accord,"2010, 2011, 2012, 2013, 2014, 2015, 2016, 2017, 2018, 2019, 2020"

45022-SNE-A51,SET PAD FR,2,93.59,Honda,Pilot,2015

45022-T0A-406,PAD SET FR,3,93.59,Honda,"CR-V, Crosstour, Odyssey, Passport, Ridgeline","2020, 2021, 2022, 2023"

45022-T2F-A02,SET PAD FR (AD57,2,93.59,Honda,Insight,"2016, 2017"

45022-T2G-A01,SET PAD FR (17CL-,3,93.59,Honda,Element,"2014, 2015, 2016, 2017, 2018"

45022-TLA-A02,PAD SET FR,3,93.59,Honda,"Civic, Element, Odyssey, Ridgeline",2012

45251-SNA-010,DISK FR BRAKE (14,4,108.822,Honda,"Civic, Odyssey","2013, 2014, 2015, 2016, 2017, 2018, 2019, 2020, 2021"

45251-TA5-A00,DISK FR BRAKE (15,2,108.822,Honda,"Crosstour, Pilot",2023

45251-TBA-A02,DISK FR BRAKE (15,2,102.41,Honda,"Accord, CR-V, CR-Z, Odyssey, Pilot",2018

45251-TK8-A02,DISK FR BRAKE(17I,8,128.142,Honda,"Clarity, Element, Odyssey, Passport",2018

51306-S3V-A00,BUSH STABI HOLDER,4,14.042,Honda,"Accord, Civic, Fit, HR-V, Odyssey","2016, 2017, 2018, 2019, 2020"

51306-STX-A12,BUSH STABI HOLDER,4,10.999,Honda,"Civic, Odyssey",2019

51320-SHJ-A02,LINK ASSY STABI F,0,53.144,Honda,Pilot,2023

51320-TBA-A02,LINK COMP STABI F,4,20.468,Honda,Odyssey,2023

51402-STK-A02,COVER DUST R FR,4,19.362,Honda,"Fit, Pilot","2017, 2018, 2019, 2020, 2021"

51403-STK-A01,COVER DUST L FR,4,17.276,Honda,"Accord, Crosstour, Element, HR-V, S2000","2010, 2011, 2012, 2013, 2014, 2015, 2016, 2017, 2018, 2019"

51722-SWE-T01,RUBBER FR BUMP ST,6,36.022,Honda,Element,"2016, 2017, 2018"

51726-TZ5-A01,BRG DPR MT FR,5,26.166,Honda,"Crosstour, Insight, Passport","2016, 2017, 2018, 2019, 2020, 2021"

520,OIL,701,7.004,Honda,"Accord, Odyssey","2018, 2019, 2020"

52306-SNA-A01,BUSH STABI HOLDER,2,8.738,Honda,"Civic, Element",2015

52306-SWA-A01,BUSH STABI HOLDER,4,9.843,Honda,"HR-V, Odyssey","2015, 2016, 2017, 2018, 2019, 2020, 2021, 2022, 2023"

52306-SZA-A01,BUSH STABI HOLDER,4,14.229,Honda,"Civic, Insight, Passport",2010

52306-T0A-A01,BUSH STABI HOLDER,4,9.061,Honda,"CR-V, Insight, Passport","2015, 2016, 2017, 2018, 2019, 2020, 2021"

52320-SNA-A01,LINK COMP STABI R,1,53.144,Honda,Element,"2017, 2018, 2019, 2020, 2021, 2022, 2023"

52320-SWA-A01,LINK COMP STABI R,2,114.814,Honda,"Civic, Crosstour, Element, Insight, Odyssey",2020

52321-SNA-A01,LINK COMP STABI L,1,53.144,Honda,"CR-V, Insight, S2000","2017, 2018, 2019"

52321-SWA-A01,LINK COMP STABI L,2,114.814,Honda,"CR-Z, Crosstour",2012

52611-T7W-A02,DAMPER UNIT RR,2,191.225,Honda,"Clarity, Fit, HR-V",2015

56992-RV0-A05,BELT P/S PUMP,2,75.068,Honda,"Fit, Odyssey, Passport, Pilot, S2000","2017, 2018, 2019, 2020, 2021, 2022"

5W30S,AMS SYNTHETIC,42,16.8,Honda,"Crosstour, Element, HR-V, Passport, Ridgeline","2010, 2011, 2012, 2013, 2014, 2015, 2016, 2017, 2018, 2019, 2020, 2021, 2022"

60100-TBA-A00ZZ,HOOD COMP OS,3,696.5,Honda,"HR-V, Insight, Passport",2016

60100-TLA-A00ZZ,HOOD COMP OS,0,1057.8625,Honda,"CR-Z, Odyssey, Passport, Ridgeline, S2000",2018

60110-TG7-305,KIT HOOD STRIKER,4,12.291,Honda,Insight,"2016, 2017, 2018, 2019, 2020, 2021, 2022, 2023"

60120-TBA-A00ZZ,HINGE COMP R HOOD,2,88.732,Honda,"CR-V, CR-Z, Crosstour, Ridgeline",2017

60170-TBA-A00ZZ,HINGE COMP L HOOD,0,88.732,Honda,Accord,"2019, 2020, 2021, 2022, 2023"

60211-TBA-A00ZZ,PANEL R FENDER,1,281.0375,Honda,Civic,"2010, 2011, 2012, 2013, 2014, 2015, 2016"

60211-TLA-A00ZZ,PANEL R FR FENDER,2,237.7,Honda,Accord,"2016, 2017, 2018, 2019, 2020, 2021, 2022, 2023"

60213-TBA-A00ZZ,BRKT A R FR FENDE,3,55.034,Honda,"CR-V, Element, Odyssey, S2000",2023

60260-T20-A00ZZ,PANEL COMP L FR F,2,618.9875,Honda,Passport,2014

60261-TBA-A00ZZ,PANEL L FENDER,1,281.0375,Honda,"CR-Z, Clarity, Fit, S2000",2015

60261-TBA-A50ZZ,PANEL L FENDER,2,276.9125,Honda,Insight,"2016, 2017"

60261-TLA-A00ZZ,PANEL L FR FENDER,1,236.5375,Honda,Fit,"2016, 2017, 2018, 2019, 2020, 2021"

60263-TBA-A00ZZ,BRKT A L FR FENDE,1,55.034,Honda,Civic,2019

6558,MICHELIN XICE 2356517,0,271.65,Honda,"Accord, CR-Z, Crosstour, Element, Fit",2012

66100-TBA-305ZZ,PANEL SET REAR,1,718.825,Honda,"Accord, Insight, Passport, Ridgeline","2013, 2014, 2015, 2016, 2017, 2018, 2019"

67010-TG7-A94ZZ,PANEL COMP R OS,1,1218.825,Honda,Element,"2018, 2019"

67050-TBA-A00ZZ,PANEL COMP L FR D,1,1116.2625,Honda,Ridgeline,2023

67365-TR3-A01,TAPE L FR DOOR SA,2,16.548,Honda,"CR-V, Civic, Clarity, Element, Fit","2017, 2018, 2019, 2020, 2021, 2022"

67510-TLA-A00ZZ,PNL R RR DR OS,1,1055.725,Honda,"CR-Z, Crosstour, Fit, HR-V",2015

68100-T7W-A90ZZ,TAILGATE (DOT),0,1243.7125,Honda,S2000,"2014, 2015, 2016"

68100-TLA-A00ZZ,TAILGATE OS,2,1407.65,Honda,"Accord, CR-V, Crosstour","2019, 2020"

68100-TLA-A50ZZ,TAILGATE OS,2,1407.65,Honda,Element,"2017, 2018, 2019, 2020, 2021, 2022"

68500-TBA-A00ZZ,TRUNK LID COMP,1,731.1375,Honda,Civic,2022

71102-TLA-A00,LWR FACE FR BUMPE,2,246.45,Honda,Pilot,2019

71102-TLJ-A50,LWR FACE FR BUMPE,2,270.8,Honda,Odyssey,"2020, 2021, 2022"

71103-SWA-000,GARN R FR SIDE,2,28.252,Honda,"Insight, Ridgeline",2011

71103-TBA-A20,GARN R FR FOG RAD,1,19.614,Honda,Accord,2018

71105-3A0-A00,FACE FR BUMPER LW,1,152.325,Honda,Ridgeline,"2020, 2021, 2022, 2023"

71106-TBA-A00,FOAM PAD FR BPR,1,34.65,Honda,Passport,"2019, 2020"

71108-SWA-000,GARN L FR SIDE,1,24.122,Honda,"Fit, HR-V",2012

71108-TBA-A20,GARN L FR FOG RAD,1,18.55,Honda,Clarity,2023

71110-TG7-A50,SKID GARN FR BPR,0,293.1375,Honda,Crosstour,"2018, 2019, 2020, 2021, 2022"

71110-TLA-A00,SKID GARN FR BUMP,2,116.494,Honda,"CR-Z, S2000","2013, 2014, 2015, 2016, 2017, 2018, 2019"

71111-TG7-A01,AIR DAM FR BPR,3,57.512,Honda,"Fit, HR-V, Odyssey, Passport, Pilot",2020

71116-TLA-A00,BRKT R FR FOG,1,9.197,Honda,Element,"2011, 2012"

71121-TBA-A01,BASE FR GRILLE,2,264.4,Honda,"Clarity, Crosstour, Element, HR-V, Pilot",2023

71121-TBA-A51,BASE FRONT GRILLE,3,257.325,Honda,CR-V,"2014, 2015, 2016, 2017, 2018, 2019, 2020, 2021"

71121-TGG-A02,GRILLE FRONT,1,212.2625,Honda,"Civic, Fit, Odyssey, Ridgeline","2020, 2021, 2022, 2023"

71121-TLA-A10,BASE FR GRILLE,2,242.35,Honda,Passport,"2015, 2016"

71121-TLA-A60,BASE FR GRILLE,1,233.025,Honda,Element,"2019, 2020, 2021, 2022, 2023"

71121-TR3-A11,BASE FR GRILLE,1,241.975,Honda,Insight,"2010, 2011, 2012, 2013, 2014, 2015, 2016, 2017, 2018"

71122-TLA-A60,GARN FR GRILLE,1,153.7,Honda,Civic,"2019, 2020, 2021, 2022"

71122-TR3-A01,MLDG FR GRILLE,0,274.675,Honda,Accord,2022

71123-TLA-A00,MLDG B R FR GRILL,1,136.375,Honda,"Fit, Insight, Passport, S2000","2010, 2011, 2012, 2013, 2014, 2015, 2016, 2017, 2018, 2019, 2020"

71124-TBA-A01,EXTN ASSY R FR GR,1,124.502,Honda,Odyssey,2016

71124-TLA-A00,RADAR COVER FR GR,1,52.668,Honda,Passport,"2021, 2022"

71124-TLA-A50,RADAR COVER FR GR,2,28.896,Honda,"CR-V, Element",2019

71125-TBA-A01,MLDG CTR FR GRILL,2,165.0875,Honda,"CR-Z, Fit, HR-V, Ridgeline","2018, 2019"

71125-TEY-Y01,MLDG CTR FR GRILL,3,181.3375,Honda,"Accord, Element, Odyssey, Pilot, Ridgeline",2011

71125-TR3-A01,COVER FR GRILLE,1,63.462,Honda,"Civic, Fit, S2000","2020, 2021, 2022, 2023"

71127-T0G-A01,GARN LWR FR GRILL,2,131.4875,Honda,"Clarity, Crosstour, Element, Passport",2013

71127-TLA-A00,STAY ASSY FR GRIL,2,67.676,Honda,"CR-V, Passport, Pilot",2020

71129-TBA-A01,EXTN ASSY L FR GR,1,124.502,Honda,"Accord, Element, HR-V",2012

71130-TBA-A01,BEAM COMP FR BUMP,5,1350.7125,Honda,"Crosstour, Element, Ridgeline, S2000",2023

71130-TGG-A00,BEAM COMP FR BUMP,1,1012.125,Honda,"Accord, Clarity, Ridgeline",2015

71130-TLA-A00,BEAM COMP FR BUMP,1,739.75,Honda,"Accord, CR-Z, Fit, Insight",2011

71130-TZ5-A00,BEAM COMP FR BPR,2,461.675,Honda,"HR-V, Pilot, S2000","2018, 2019, 2020, 2021"

71131-TR3-A00,BEAM FR BUMPER,1,308.625,Honda,"CR-V, Crosstour, Passport",2010

71140-TBA-A00,UP BEAM R FR BPR,5,20.244,Honda,"CR-V, Crosstour, Fit, Pilot, S2000","2010, 2011, 2012, 2013, 2014, 2015, 2016, 2017, 2018, 2019, 2020"

71140-TLA-A00,COR UP BEAM R FR,1,30.59,Honda,Civic,2019

71140-TR0-A00,UP BEAM COMP R FR,1,79.142,Honda,"CR-Z, Clarity, Odyssey","2013, 2014, 2015, 2016, 2017, 2018"

71150-TBA-A00,UP BEAM COMP FR B,2,99.694,Honda,"Civic, Element, Passport",2022

71150-TLA-A00,EXTN COMP R FR BP,2,267.725,Honda,Fit,2018

71151-T21-A00,LWR GRILLE FR BPR,2,61.6,Honda,"Civic, Fit, Odyssey","2014, 2015, 2016, 2017, 2018, 2019"

71166-TLA-A00,BRKT L FR FOG,1,9.197,Honda,Passport,"2012, 2013, 2014, 2015, 2016, 2017, 2018, 2019, 2020, 2021, 2022, 2023"

71170-T20-A00,SAFETY PLATE ASSY,1,70.238,Honda,"Civic, HR-V, Insight, Passport",2022

71170-TR3-A50,ABS FR BUMPER,2,102.424,Honda,"Civic, HR-V, Insight",2013

71173-TLA-A00,MLDG B L FR GRILL,0,136.375,Honda,Accord,2013

71175-T20-A00,SAFETY PLATE FR B,1,70.238,Honda,Ridgeline,"2010, 2011, 2012, 2013, 2014, 2015, 2016, 2017, 2018"

71180-TLA-A60,UPR GARN ASSY R F,0,131.2625,Honda,"Accord, Fit, Insight",2017

71185-TLA-A60,UPR GARN ASSY L F,1,131.2625,Honda,Ridgeline,"2013, 2014, 2015, 2016, 2017, 2018, 2019, 2020"

71190-TBA-A00,UP BEAM L FR BPR,2,20.244,Honda,"CR-V, Element",2020

71190-TLA-A00,COR UP BEAM L FR,1,30.59,Honda,"CR-Z, Fit, Insight, Ridgeline",2013

71193-SZA-A00,SPACER R FR BPR S,1,15.249,Honda,HR-V,"2016, 2017, 2018, 2019"

71193-T0A-A01,SPACER R FR BPR S,3,7.973,Honda,Accord,2020

71193-TBA-A00,SPACER R FR BPR S,5,24.29,Honda,"CR-V, Odyssey, Passport",2010

71193-TG7-A00,SPACER R FR BPR,2,15.249,Honda,"Accord, Fit, Insight",2017

71193-THR-A01,SPACER R FR BPR,1,15.204,Honda,Clarity,2022

71193-TME-T01,SPACER R FR BPR S,5,7.412,Honda,"Accord, Element, Ridgeline, S2000","2016, 2017, 2018, 2019, 2020, 2021, 2022"

71193-TR0-A01,SPACER R FR BUMPE,4,15.997,Honda,"CR-Z, Element, S2000",2016

71198-T0A-A01,SPACER L FR BPR S,3,7.973,Honda,"Crosstour, Ridgeline",2019

71198-T2A-A01,SPACER L FR BUMPE,2,18.942,Honda,"CR-V, Ridgeline, S2000",2011

71198-TBA-A00,SPACER L FR BPR S,2,24.29,Honda,Element,"2011, 2012, 2013"

71198-TG7-A00,SPACER L FR BPR,2,15.249,Honda,Clarity,"2021, 2022"

71198-THR-A01,SPACER L FR BPR,2,15.204,Honda,"Accord, CR-Z, Insight, Passport",2018

71198-TME-T01,SPACER L FR BPR S,4,7.412,Honda,Passport,"2014, 2015, 2016, 2017, 2018, 2019, 2020, 2021"

71198-TR0-A01,SPACER L FR BUMPE,2,15.997,Honda,Odyssey,2019

71198-TVA-A01,SPACER L FR BPR S,1,7.514,Honda,"Crosstour, Insight, Ridgeline, S2000","2012, 2013, 2014, 2015, 2016, 2017, 2018"

71200-T20-A01,GRILLE ASSY FRONT,3,180.375,Honda,Accord,"2011, 2012, 2013, 2014, 2015, 2016, 2017, 2018, 2019, 2020, 2021"

71202-T20-A01,BASE R FR GRILLE,1,141.0875,Honda,"Fit, HR-V, Pilot","2018, 2019, 2020"

71207-T20-A01,BASE L FR GRILLE,3,141.0875,Honda,"Element, Fit, HR-V, Odyssey",2017

71230-T20-A01,SPACER R FR BPR S,1,55.118,Honda,"Clarity, Fit, HR-V, Odyssey, Passport",2010

71232-T20-A00,SPACER R UPR GARN,2,55.118,Honda,"Accord, Civic, Pilot",2014

71240-T20-A00,COR UP BEAM R FR,1,27.986,Honda,"Accord, Clarity, HR-V, Insight, S2000","2016, 2017, 2018, 2019, 2020, 2021, 2022"

71280-T20-A01,SPACER L FR BPR S,3,55.118,Honda,"Crosstour, Ridgeline, S2000",2022

71290-T20-A00,COR UP BEAM L FR,4,27.986,Honda,Element,"2013, 2014, 2015, 2016"

71350-TLA-A01,GRILLE ASSY AIR S,0,303.875,Honda,"Crosstour, Fit, Insight, Passport, Pilot","2018, 2019, 2020, 2021, 2022, 2023"

71410-TBA-A51,BULKHEAD ASSY FR,4,1448.925,Honda,Crosstour,"2021, 2022"

71411-TLA-C52,BULKHEAD FR,2,420.5625,Honda,Pilot,2015

71501-T6Z-A10,FACE RR BUMPER,2,608.5625,Honda,Pilot,2013

71501-TLA-A00,FACE RR BPR LWR,1,461.375,Honda,"Accord, CR-V, S2000",2011

71501-TLA-A70,FACE RR BPR LWR,2,461.375,Honda,"Element, Fit, Pilot, Ridgeline, S2000","2015, 2016, 2017, 2018"

71502-T1W-A00,FACE R RR BUMPER,0,80.612,Honda,Civic,2023

71502-TBA-A00,GARN RR BPR LWR,3,294.9375,Honda,Element,2013

71503-TBA-A00,GARN R RR BPR SID,1,14.518,Honda,S2000,"2013, 2014, 2015, 2016, 2017, 2018, 2019"

71505-TBA-A00,BRKT R RR BPR SID,0,35.896,Honda,"Crosstour, Element, Odyssey","2011, 2012"

71507-T1W-A00,FACE L RR BUMPER,2,75.74,Honda,"Civic, Odyssey, Pilot",2012

71508-TBA-A00,GARN L RR BPR SID,3,14.518,Honda,"Passport, Ridgeline",2020

71510-SHJ-A00,STEP RR BUMPER,1,66.192,Honda,HR-V,2021

71510-T1W-A01,LWR GARN RR BPR,2,277.35,Honda,"Clarity, Fit, Odyssey","2019, 2020, 2021, 2022"

71510-TBA-A50,GARN ASSY RR BUMP,1,159.85,Honda,Insight,2016

71510-TK8-A00,STEP RR BPR,3,29.89,Honda,Ridgeline,2020

71510-TLA-A10,SKID GARN RR BPR,4,125.6625,Honda,"CR-Z, Clarity",2012

71511-TLA-A50,CTR MLDG RR BPR L,1,77.098,Honda,"Accord, Element, HR-V, Passport, Ridgeline","2011, 2012, 2013, 2014, 2015, 2016, 2017, 2018"

71517-TLA-A50,MLDG L RR BPR LWR,1,32.858,Honda,"Clarity, Insight, Odyssey, Ridgeline",2022

71519-TLA-A11,MLDG L RR BUMPER,2,38.976,Honda,Pilot,"2013, 2014"

71520-THR-A01,STEP GARNISH RR B,2,29.876,Honda,CR-Z,2013

71530-T0A-A00ZZ,BEAM COMP RR BPR,1,306.85,Honda,"CR-V, Clarity, HR-V",2021

71530-TBA-A11,BEAM COMP REAR BU,5,285.2,Honda,HR-V,2018

71530-TLA-A00,BEAM COMP RR BUMP,2,291.825,Honda,Insight,2023

71530-TR3-A50,BEAM COMP RR BUMP,3,272.8875,Honda,"Accord, CR-V, Crosstour, Insight",2017

71535-TR0-A00ZZ,EXTN COMP R RR BP,2,33.978,Honda,Passport,"2018, 2019"

71555-TBA-A00,BRKT L RR BPR SID,1,35.896,Honda,Odyssey,2019

71570-SNA-A00,ABS RR BUMPER,0,109.9,Honda,"Element, Insight","2012, 2013, 2014, 2015, 2016"

71570-T1W-A00,ABS RR BUMPER,3,65.548,Honda,"CR-V, Civic, HR-V, Passport, Pilot","2014, 2015, 2016, 2017, 2018, 2019, 2020, 2021, 2022"

71570-TR3-A50,ABS RR BUMPER,2,96.642,Honda,"CR-Z, Clarity",2017

71585-TR0-A00ZZ,EXTN COMP L RR BP,3,33.978,Honda,"Crosstour, Passport",2017

71593-TBA-A00,SPACER R RR BPR S,1,32.088,Honda,Passport,2017

71593-TK8-A00,SPACER R RR BPR S,2,69.468,Honda,"Accord, Clarity, Odyssey, Pilot","2011, 2012, 2013"

71593-TR3-A51,SPACER R RR BPR S,3,16.828,Honda,"Crosstour, Element, Fit, Ridgeline",2012

71598-TBA-A00,SPACER L RR BPR S,3,32.088,Honda,"Accord, Clarity, Crosstour, HR-V",2010

71598-THR-A01,SPACER L RR BPR S,1,21.994,Honda,"CR-V, Crosstour, Element, Odyssey, Passport",2010

71598-TLA-A01,SPACER L RR BPR S,1,19.194,Honda,"Fit, HR-V",2015

71598-TR3-A51,SPACER L RR BPR S,4,16.828,Honda,CR-Z,"2010, 2011, 2012"

72425-TBA-A01,MLDG ASSY R FR DR,1,40.46,Honda,"CR-Z, Civic, HR-V, Insight, S2000","2018, 2019, 2020, 2021"

72425-TLA-A01,MLDG ASSY R FR DR,1,37.408,Honda,Civic,"2014, 2015, 2016, 2017"

72450-TBA-A01,MLDG ASSY L FR DO,1,37.45,Honda,Passport,2023

72450-TLA-A01,MLDG ASSY L FR DO,2,59.668,Honda,Pilot,2022

72465-TBA-A01,MLDG ASSY L FR DR,1,40.46,Honda,"CR-V, Civic, Clarity, Insight","2012, 2013, 2014"

72470-TBA-A01,GARN ASSY L FR DO,1,19.222,Honda,"Civic, Element, Fit, Odyssey, S2000","2017, 2018, 2019, 2020, 2021, 2022"

72925-TLA-A01,MLDG ASSY R RR DR,1,38.304,Honda,"Civic, Odyssey",2011

72930-TLA-A01,GARN R RR DOOR CT,1,17.92,Honda,"HR-V, Insight",2013

73111-TLA-C13,WSHLD GLASS OS,1,910.2625,Honda,"HR-V, Insight, Odyssey","2013, 2014, 2015, 2016, 2017, 2018, 2019"

73125-TBA-A01,MLDG FR WSHLD SID,3,10.54,Honda,"CR-V, Crosstour, Element, Pilot",2013

73126-SYY-000,RUBBER B FR WSHLD,3,8.585,Honda,"Accord, Insight, Pilot, Ridgeline",2015

73127-TY0-000,RUBBER WSHLD DAM,6,20.58,Honda,"Accord, CR-V, Passport, S2000",2014

73150-TBA-A01,MLDG FR WSHLD,1,21.49,Honda,"CR-V, CR-Z, Clarity, Ridgeline",2020

73150-TG7-A01,MLDG FR WSHLD,2,16.711,Honda,Passport,"2012, 2013, 2014, 2015, 2016, 2017, 2018, 2019, 2020, 2021"

73150-TLA-A01,MLDG FR WSHLD,1,62.902,Honda,Insight,2020

73151-TBA-A01,MLDG FR WSHLD LWR,1,49.224,Honda,"Clarity, HR-V","2013, 2014, 2015, 2016, 2017, 2018"

73154-T0A-003,CLIP A WSHLD,2,1.326,Honda,"Civic, Clarity, Crosstour, Fit, Ridgeline",2023

73226-SZW-000,DAM STD 5X5,3,15.974,Honda,"Accord, Clarity, Insight, Ridgeline",2018

74100-TLA-A00,FENDER ASSY R FR,2,79.534,Honda,"Element, Odyssey, Passport, S2000",2019

74101-TG7-A01,FENDER R FR INN,1,136.92,Honda,"HR-V, Passport, Pilot","2010, 2011"

74110-TBA-A00,COVER ASSY ENG UN,3,132.4,Honda,"CR-V, S2000",2018

74110-TBC-A00,COVER ASSY ENG UN,1,203.7,Honda,"Fit, HR-V, Odyssey, Pilot, Ridgeline",2022

74113-TBA-A00,LID ENG UNDER COV,2,14.994,Honda,Fit,2021

74113-TLA-A00,LID FR ENG UNDER,1,19.18,Honda,CR-Z,"2020, 2021, 2022, 2023"

74115-T0A-A02,PROTECTOR R FR W/,2,48.342,Honda,Element,"2022, 2023"

74115-TG7-A00,PROTECTOR R FR W/,3,58.002,Honda,Odyssey,"2014, 2015"

74115-TLA-A02,PROTECT R FR W/AR,5,44.898,Honda,Ridgeline,2020

74117-TG7-A00,COVER FR BHD,1,128.814,Honda,CR-Z,2020

74120-TBA-A01,LOCK ASSY HOOD,1,66.01,Honda,"CR-V, Element, HR-V, S2000","2012, 2013, 2014, 2015, 2016, 2017, 2018, 2019, 2020, 2021, 2022, 2023"

74146-TBA-A01,SEAL RUB HOOD,1,62.118,Honda,Passport,2021

74151-TG7-A01,FENDER L FR INN,1,136.92,Honda,HR-V,2013

74165-SXS-A00,PROTECTOR L FR W/,1,60.718,Honda,S2000,"2021, 2022"

74165-T0A-A02,PROTECTOR L FR W/,3,48.342,Honda,"CR-Z, Pilot, S2000","2015, 2016, 2017, 2018, 2019, 2020"

74165-TG7-A00,PROTECTOR L FR W/,3,58.002,Honda,"CR-V, Element, Fit, HR-V, S2000",2019

74165-TLA-A02,PROTECT L FR W/AR,6,44.898,Honda,Clarity,2011

74166-TLA-A02,BRKT L FR WHEEL A,1,16.548,Honda,Odyssey,"2010, 2011, 2012, 2013, 2014, 2015, 2016, 2017"

74172-TLA-A01,CUSH INTCLR MT L,2,6.256,Honda,Element,"2017, 2018, 2019"

74200-TBA-A01,COWL TOP ASSY FR,1,134.218,Honda,"CR-V, CR-Z, Passport, Pilot",2020

74410-T0A-A01,PROTECTOR R RR W/,2,71.19,Honda,Fit,"2012, 2013, 2014, 2015, 2016, 2017, 2018"

74413-TLA-A01,PROTECTOR R RR W/,5,32.858,Honda,Odyssey,2019

74450-T0A-A01,PROTECTOR L RR W/,2,50.498,Honda,HR-V,"2011, 2012, 2013, 2014, 2015, 2016, 2017"

74453-TLA-A01,PROTECTOR L RR W/,4,32.858,Honda,"Accord, Insight, Odyssey, Ridgeline","2020, 2021, 2022"

74640-T0A-A00,UNDER COVER ASSY,1,108.248,Honda,"Crosstour, Element, HR-V","2017, 2018, 2019, 2020, 2021, 2022"

74800-TLA-A51,LOCK&CLOSER ASSY,2,221.2875,Honda,HR-V,"2017, 2018, 2019, 2020, 2021, 2022, 2023"

74813-SHJ-A01,STRIKER ASSY T/GA,2,14.569,Honda,HR-V,"2012, 2013, 2014, 2015, 2016, 2017"

7510-L339,"18"" ROCK GUARD",0,13.6,Honda,Element,"2014, 2015, 2016, 2017, 2018, 2019, 2020, 2021, 2022, 2023"

75305-S0A-003,CLIP SIDE PROTR,17,8.228,Honda,"Element, Pilot","2019, 2020, 2021, 2022"

75312-TLC-A01,GARN ASSY R FR DO,1,134.725,Honda,"Accord, Element, HR-V, Passport",2023

75313-T0A-A01,GARN ASSY R RR DO,3,93.296,Honda,Pilot,2013

75313-TLC-A01,GARN ASSY R RR DO,2,102.284,Honda,Crosstour,2011

75315-S9A-004,CLIP SIDE PROTR,56,4.658,Honda,Crosstour,2019

75315-TG7-A01,CLIP A DOOR LWR G,48,1.445,Honda,Crosstour,2022

75316-S9A-004,CLIP DOOR LWR GAR,58,7.174,Honda,"Insight, S2000",2012

75332-TLC-A01,GARN ASSY L FR DO,2,134.725,Honda,Ridgeline,"2012, 2013, 2014, 2015, 2016, 2017, 2018, 2019, 2020, 2021, 2022, 2023"

75333-TLC-A01,GARN ASSY L RR DO,2,102.284,Honda,Clarity,"2015, 2016, 2017, 2018, 2019"

75390-TG7-A01,DWG GARN R RR DOO,1,44.786,Honda,"CR-V, Clarity, Pilot",2015

75390-TLA-A01,GARN R RR DOOR W/,1,59.85,Honda,"Accord, Civic, Clarity","2018, 2019, 2020, 2021"

75395-TLA-A01,GARN L RR DOOR W/,2,59.85,Honda,"Accord, Odyssey, Ridgeline, S2000",2011

75450-TBA-A02,AIR OUTLET ASSY R,1,8.551,Honda,"CR-V, Civic, Insight, Ridgeline",2022

75450-TRN-H02,AIR OUTLET ASSY R,2,38.976,Honda,"Accord, CR-Z, HR-V, Odyssey",2016

75700-SZW-000,EMBLEM H-MARK 110,2,49.84,Honda,Odyssey,"2011, 2012, 2013, 2014, 2015, 2016, 2017, 2018, 2019"

75700-TA0-A00,EMBLEM FR H-MARK,5,40.67,Honda,"Clarity, Passport, Pilot, Ridgeline, S2000",2015

75700-TBA-A00,EMBLEM H-MARK 95(,7,40.67,Honda,Passport,"2012, 2013, 2014, 2015, 2016, 2017, 2018, 2019, 2020"

75700-TR0-000,EMBLEM H-MARK 92,2,40.67,Honda,CR-V,"2012, 2013, 2014, 2015, 2016, 2017, 2018, 2019"

75701-TA0-000,EMBLEM RR H-MARK,2,36.33,Honda,Insight,"2019, 2020"

75701-TBA-A10,EMBLEM H-MARK 88(,2,43.008,Honda,"Clarity, Crosstour, Insight, S2000",2021

75716-SZA-A01,EMBLEM RR TOURING,2,83.748,Honda,"CR-V, Civic, Insight, Odyssey, Pilot",2023

75716-TLA-A00,EMBLEM RR TOURING,3,27.202,Honda,Clarity,"2021, 2022"

75719-T0A-000,EMBLEM RR AWD,6,49.042,Honda,"Accord, CR-Z, Pilot",2010

75719-T7D-003,EMBLEM RR AWD,1,41.608,Honda,CR-Z,2023

75719-TLA-A00,EMBLEM RR AWD,10,21.308,Honda,"Civic, Crosstour, HR-V","2019, 2020, 2021, 2022"

75722-SWA-003,EMBLEM RR CR-V,1,41.02,Honda,S2000,"2013, 2014"

75722-T0A-003,EMBLEM RR CAR NAM,5,58.73,Honda,"Element, Fit, HR-V, Pilot, Ridgeline",2017

75722-T20-A00,EMBLEM RR CAR NAM,2,20.538,Honda,CR-V,"2010, 2011, 2012, 2013, 2014"

75722-T7W-A01,EMBLEM RR CAR NAM,1,23.94,Honda,"CR-Z, Civic, Fit, Passport",2021

75722-TBA-A00,EMBLEM RR SET CAR,2,19.67,Honda,"Fit, Odyssey, Passport, Pilot",2023

75722-TG7-A00,EMBLEM RR PILOT,3,139.468,Honda,Clarity,"2012, 2013, 2014, 2015, 2016, 2017, 2018, 2019, 2020, 2021, 2022"

75722-THR-A01,EMBLEM RR ODYSSEY,1,55.496,Honda,"Accord, Insight",2019

75722-TK8-A00,EMBLEM RR ODYSSEY,3,68.46,Honda,"Accord, Element",2013

75722-TLA-A00,EMBLEM RR CAR NAM,10,20.706,Honda,"Fit, S2000",2019

75722-TR0-A01,EMBLEM RR CIVIC,1,56.938,Honda,HR-V,2010

75752-TVA-A01,EMBLEM RR SPORT,2,24.038,Honda,"Crosstour, HR-V, S2000","2016, 2017, 2018, 2019, 2020, 2021, 2022"

75800-TLA-A01,MUD GUARD R FR,2,33.138,Honda,"CR-V, Civic, Crosstour, Fit, S2000","2012, 2013, 2014, 2015, 2016, 2017, 2018, 2019"

75810-TLA-A01,MUD GUARD L FR,1,32.9,Honda,Pilot,"2020, 2021"

75820-TLA-A01,MUD GUARD R RR,0,25.816,Honda,"Crosstour, Odyssey, Pilot",2023

75830-T0G-C01,MUD GUARD L RR,1,72.142,Honda,Passport,2010

75830-TLA-A01,MUD GUARD L RR,3,33.264,Honda,CR-V,"2010, 2011, 2012, 2013, 2014"

76204-TG7-A11,MIRROR SET RH,5,69.118,Honda,"CR-V, Civic, Element, Odyssey",2023

76254-T6Z-A21,MIRROR SET LH,6,42.672,Honda,"Civic, HR-V, Ridgeline",2016

76258-TBA-C21ZA,SET LH-L MIR SUB,0,361.9375,Honda,"Accord, CR-V, CR-Z, Element, HR-V","2020, 2021"

76622-S3Y-A01,BLADE RUBBER,2,12.359,Honda,"Civic, Element","2016, 2017, 2018, 2019, 2020, 2021, 2022"

76622-SMA-004,BLADE RUBBER,5,13.107,Honda,"Clarity, Crosstour, Pilot",2023

76622-STK-A02,BLADE RUBBER,9,13.107,Honda,"HR-V, Insight, S2000","2012, 2013, 2014, 2015, 2016, 2017, 2018, 2019"

76622-T7A-003,BLADE RUBBER,0,12.359,Honda,"Civic, Clarity","2011, 2012, 2013, 2014"

76622-TDK-J02,BLADE RUBBER,11,15.198,Honda,"CR-V, Clarity, HR-V, S2000","2016, 2017"

76622-TG7-A01,BLADE RUBBER,4,13.107,Honda,"HR-V, Insight, S2000",2013

76622-TZ5-A01,BLADE RUBBER,2,12.359,Honda,"Civic, Pilot","2012, 2013, 2014, 2015, 2016, 2017, 2018, 2019"

76623-SNA-A12,BLADE RUBBER,3,12.359,Honda,"Accord, Crosstour, Odyssey","2016, 2017, 2018, 2019"

76632-S2K-004,BLADE RUBBER,4,12.359,Honda,"CR-V, Crosstour, Pilot, Ridgeline","2011, 2012, 2013, 2014, 2015, 2016, 2017"

76632-STK-A02,BLADE RUBBER,3,12.359,Honda,Odyssey,"2013, 2014, 2015, 2016, 2017, 2018, 2019, 2020, 2021, 2022, 2023"

76632-SWA-J02,BLADE RUBBER,2,12.359,Honda,"CR-V, Crosstour, Fit, Odyssey","2015, 2016, 2017"

76632-T6L-H04,BLADE RUBBER,6,12.359,Honda,"Accord, CR-V, HR-V, Ridgeline","2019, 2020, 2021, 2022"

76632-TZ3-A04,BLADE RUBBER,5,12.359,Honda,"CR-V, Civic, Clarity, Insight, Passport",2010

76720-T0A-003,ARM REAR WIPER,4,55.748,Honda,HR-V,"2021, 2022, 2023"

76722-TRN-H01,BLADE RUBBER,4,11.883,Honda,Passport,"2014, 2015, 2016, 2017, 2018, 2019"

76732-T0A-003,BLADE RUBBER,6,12.325,Honda,Civic,"2016, 2017, 2018, 2019, 2020, 2021, 2022, 2023"

76810-SZA-A01ZA,NOZZLE,1,30.282,Honda,Crosstour,2016

76810-TK8-A01,NOZZLE ASSY FR WS,5,18.424,Honda,"Accord, Fit",2012

76810-TK8-A21,NOZZLE ASSY FR WS,1,18.424,Honda,"Accord, Crosstour, Odyssey, Pilot, Ridgeline",2010

76846-TP6-C01,SET PUMP WASHER(F,1,39.522,Honda,"Insight, Passport",2018

77466-TL0-G01,SEAL INST FR,3,22.512,Honda,"CR-Z, Element, Insight, Odyssey, S2000",2016

77930-TBA-B11,SENSOR ASSY FRONT,1,47.152,Honda,Ridgeline,"2021, 2022"

77930-TBA-B21,SENSOR ASSY FRONT,0,47.152,Honda,"HR-V, Odyssey","2018, 2019, 2020, 2021"

77930-TLA-A01,SENSOR ASSY FRONT,0,30.814,Honda,"CR-V, Civic, Insight, Odyssey, Pilot",2015

80050-SP0-000,LABEL A/C CAUTION,1,4.335,Honda,"Accord, Clarity, Crosstour, Ridgeline","2022, 2023"

80050-TG7-E00,LABEL A/C,4,7.446,Honda,Clarity,"2013, 2014, 2015, 2016, 2017, 2018, 2019, 2020, 2021, 2022, 2023"

80100-TBA-A02,CONDENSER ASSY,10,200.1875,Honda,Accord,"2019, 2020, 2021, 2022"

80100-TBC-A02,CONDENSER,1,220.55,Honda,Element,"2016, 2017"

80291-TF3-E01,ELEMENT FILTER,32,37.52,Honda,"Odyssey, Passport",2017

80292-S5D-416,ELEMENT FILTER,8,18.788,Honda,"Accord, Clarity, Insight","2015, 2016, 2017, 2018, 2019, 2020, 2021, 2022"

80292-SDA-407,ELEMENT FILTER,40,37.52,Honda,Insight,2023

80292-TBA-A11,ELEMENT FILTER,23,37.52,Honda,"Crosstour, Passport",2012

80315-TLA-A01,HOSE COMP DISCHAR,1,100.59,Honda,"CR-V, CR-Z, Civic, Fit, Odyssey",2011

80525-TBA-A01,SENSOR ASSY AMBIE,1,15.861,Honda,"Insight, Odyssey, Passport",2016

80871-SN7-003,"O RING 5/8""",10,6.783,Honda,"Clarity, Pilot","2017, 2018, 2019"

80872-SN7-003,"O RING 1/5""",14,6.783,Honda,HR-V,"2018, 2019, 2020, 2021, 2022"

80873-SN7-003,O RING 8MM,3,8.041,Honda,"Fit, HR-V, Pilot, Ridgeline",2010

80873-ST7-000,O-RING 8MM,8,7.395,Honda,"CR-Z, Crosstour, Fit, Ridgeline","2012, 2013, 2014"

81479-TLA-305,BUTTON BUCKLE,19,0.782,Honda,"CR-Z, Fit, Odyssey",2015

82009015,HONDA ATF TYPE 2,21,17.36,Honda,CR-Z,"2019, 2020, 2021, 2022, 2023"

82009017,ATF 3 1 HONDA,30,44.52,Honda,"CR-V, Civic, HR-V, Pilot",2015

8357,MICH PRIMA 215/55R17,0,310.3375,Honda,"Accord, Crosstour, Element, Ridgeline, S2000","2012, 2013, 2014, 2015, 2016, 2017, 2018, 2019"

888,BRIDG ECOPIA 422 2356517,0,258.225,Honda,"Crosstour, Fit, HR-V, Insight, Pilot",2011

889,BRDG ECOPIA H/L 2356018,0,282.425,Honda,"Odyssey, Pilot",2011

90001-R1A-A00,SOCKET BOLT 10X59,0,4.267,Honda,"Civic, Clarity, Pilot, S2000",2010

90002-S10-000,NUT FLANGE 10MM,15,5.44,Honda,HR-V,"2020, 2021, 2022, 2023"

90009-R70-A00,BOLT PLUG 14MM,8,15.596,Honda,Odyssey,2022

90023-PR7-A01,BOLT FLNGE 6X12,0,10.506,Honda,Ridgeline,2020

90091-RAA-A00,BOLT WASH 5X28,3,9.282,Honda,"Civic, Insight","2016, 2017, 2018, 2019, 2020, 2021, 2022"

90101-TR0-000,BOLT UNDER COVER,3,4.913,Honda,"Clarity, Element","2018, 2019, 2020, 2021"

90103-TA0-000,SCREW TAPPING 5X2,7,0.867,Honda,"Accord, Clarity, Ridgeline, S2000","2011, 2012, 2013"

90105-TBA-A00,BOLT UNDER COVER,5,1.071,Honda,"Civic, Element",2021

90107-SM4-000,BOLT CALIPER MT,6,1.904,Honda,"Clarity, HR-V, Insight, S2000","2019, 2020, 2021"

90110-SE7-000,BOLT-WASHER 8X21,9,2.652,Honda,"CR-Z, S2000",2021

90111-SM4-003,BOLT BUMPER,1,6.426,Honda,Civic,"2022, 2023"

90113-S10-000,BOLT 12POINT 8X21,40,10.863,Honda,"HR-V, Passport, S2000",2012

90113-SD4-902,BOLT WHEEL,6,11.067,Honda,"CR-Z, Insight, Odyssey, Passport","2016, 2017, 2018, 2019, 2020, 2021, 2022"

90113-SM1-005,BOLT,4,4.862,Honda,Accord,"2021, 2022, 2023"

90134-S7S-N81,BOLT 6X12 HEX LOB,3,3.587,Honda,"HR-V, S2000","2018, 2019, 2020"

90137-S84-A01,BOLT 6X20 TORX EA,5,7.565,Honda,"Clarity, HR-V, Ridgeline, S2000","2015, 2016, 2017, 2018, 2019, 2020, 2021, 2022, 2023"

90212-RCA-A01,NUT SELF LOCK 8MM,20,5.848,Honda,Fit,"2013, 2014, 2015, 2016, 2017, 2018, 2019"

90212-SA5-003,NUT SELF 10MM,21,1.292,Honda,"Accord, CR-V, Clarity, Element, S2000",2015

90301-ST0-003,PUSH NUT 3MM,8,3.791,Honda,"Accord, Clarity, Crosstour, Pilot, S2000",2020

90304-SA5-013,WHEEL NUT,6,16.507,Honda,Civic,"2019, 2020, 2021, 2022, 2023"

90304-TK4-A01,NUT WHEEL(M14),3,8.789,Honda,"Clarity, Crosstour, HR-V, Passport, Pilot","2010, 2011, 2012, 2013"

90305-S3V-A11,NUT SPINDLE,1,11.203,Honda,"Civic, Crosstour, Element, HR-V, Ridgeline","2016, 2017, 2018, 2019, 2020, 2021"

90362-SZA-A00,NUT FLANGE 12MM,27,1.156,Honda,"Civic, Fit","2018, 2019, 2020, 2021"

90381-SV7-A01,NUT WHEEL,14,8.687,Honda,Crosstour,"2011, 2012, 2013, 2014, 2015, 2016, 2017, 2018, 2019"

90442-P8A-A00,WASHER HEAD COVER,23,11.084,Honda,"Clarity, Insight",2013

90471-59C-000,PACKING 10MM,3,5.355,Honda,Pilot,"2013, 2014, 2015, 2016, 2017, 2018, 2019"

90471-PW7-A00,PACKING 10MM,1,4.624,Honda,"Accord, Civic, Fit, HR-V, Ridgeline","2015, 2016, 2017, 2018, 2019, 2020, 2021, 2022, 2023"

90471-PX4-000,WASHER PLUG DRAIN,97,5.185,Honda,S2000,2018

90601-SMG-003,CLIP SNAP FIT,5,15.674,Honda,"Civic, Clarity, Passport",2019

90601-SNV-P01,GROMMET SCREW M5,0,6.137,Honda,Passport,2010

90666-SDA-A01,CLIP SNAP FIT(PO),20,1.122,Honda,"CR-V, Civic, Fit, Ridgeline","2022, 2023"

90673-TY2-A01,CLIP ENG UNDER CO,6,6.766,Honda,Passport,"2022, 2023"

90674-TY2-A01,PIN ENG UNDER COV,12,4.063,Honda,"Civic, Passport, Pilot",2021

90681-T6A-J00,CIRCLIP IN 91 SPL,3,16.745,Honda,"Element, Fit, Insight, Odyssey",2013

90682-SEA-003,CLIP TAPPING SCRE,13,4.913,Honda,"CR-Z, Crosstour, Odyssey, S2000","2012, 2013, 2014, 2015, 2016, 2017, 2018, 2019, 2020, 2021"

91205-P0X-005,OIL SEAL 40X56X9,2,22.428,Honda,"CR-V, Insight",2023

91205-PL3-B01,OIL SEAL 40X56X8,1,21.238,Honda,"Accord, S2000",2023

91206-PHR-003,OIL SEAL 35X58X8,1,17.052,Honda,Insight,"2022, 2023"

91206-RCT-003,OIL SEAL,4,15.386,Honda,Element,"2018, 2019, 2020"

91207-5LJ-003,OIL SEAL 50X76X6,2,27.986,Honda,Pilot,"2016, 2017, 2018, 2019"

91207-P7Z-003,OIL SEAL 44X68X8,1,14.21,Honda,Odyssey,"2012, 2013"

91212-59B-003,OIL SEAL LOW TORQ,23,27.244,Honda,S2000,"2012, 2013, 2014, 2015, 2016, 2017, 2018"

91212-5MR-A01,OIL SEAL 41X56X7,8,14.126,Honda,Civic,2013

91212-PLM-A01,OIL SEAL 38X50X7,3,12.155,Honda,"Clarity, HR-V, Odyssey, S2000",2016

91212-R1B-A01,OIL SEAL 43X58X7,7,15.064,Honda,Accord,"2020, 2021"

91213-P2F-A01,OIL SEAL,2,11.339,Honda,"CR-V, Fit, Odyssey",2021

91214-59B-003,OIL SEAL LOW TORQ,2,17.584,Honda,"Element, Pilot, Ridgeline, S2000",2013

91214-RKG-003,OIL SEAL 80X98X8,1,31.052,Honda,Fit,2020

91301-PC9-003,O RING 7 7X2 3,5,4.08,Honda,"HR-V, Odyssey","2010, 2011, 2012, 2013, 2014, 2015, 2016, 2017"

91302-PNA-004,O-RING CHN CASE,6,11.764,Honda,Ridgeline,"2013, 2014"

91305-5A2-A01,O-RING 12 6X2 4,2,0.884,Honda,"CR-Z, Pilot, S2000","2013, 2014, 2015"

91308-5R0-003,O-RING 35 2X2 4,2,6.562,Honda,"CR-Z, Clarity, HR-V, Odyssey, Ridgeline","2010, 2011, 2012, 2013, 2014"

91308-P3R-T01,O-RING 26 2X2 4,1,6.443,Honda,"Element, Fit, HR-V, Insight, Ridgeline",2019

91310-PH7-000,O-RING 19 8X2 4,1,7.378,Honda,CR-Z,"2010, 2011"

91314-PH7-003,O-RING 31 2X4 1,5,5.321,Honda,"Accord, Crosstour, HR-V, Odyssey",2018

91319-PAA-A01,O-RING 13X1 5,3,5.695,Honda,Fit,"2022, 2023"

91326-PL5-003,O-RING 26X2 4 (NO,2,8.619,Honda,"Accord, Clarity, Fit, Insight",2019

91345-RDA-A01,O-RING 13 0X1 9,2,3.91,Honda,Pilot,"2020, 2021"

91370-SV4-000,O-RING 14 8X1 9,2,11.271,Honda,"Accord, Crosstour, HR-V, Pilot, Ridgeline","2021, 2022, 2023"

91501-S04-003,CLIP INN FENDER,24,4.981,Honda,"Civic, Crosstour, Passport","2010, 2011, 2012, 2013"

91501-SWA-003,CLIP INSULATOR,13,0.561,Honda,"Civic, Crosstour, Pilot, Ridgeline",2010

91501-TR0-003,CLIP INN FENDER,33,5.134,Honda,"Civic, HR-V, Passport","2021, 2022, 2023"

91502-TZ5-A01,CLIP INSULATOR,4,1.292,Honda,"Accord, S2000","2012, 2013, 2014, 2015, 2016, 2017, 2018"

91503-SZ3-003,CLIP BPR A,18,6.834,Honda,Crosstour,2023

91504-SP1-003,CLIP FR FENDER LW,28,6.919,Honda,Pilot,"2014, 2015, 2016, 2017, 2018"

91504-TBA-A01,CLIP HOOD SEAL,9,0.476,Honda,"Civic, Insight","2012, 2013, 2014, 2015, 2016, 2017, 2018, 2019, 2020"

91505-S9A-003,CLIP BPR A,21,5.423,Honda,"Civic, Clarity, Fit, Insight, S2000",2020

91505-THR-A01,CLIP A MLDG QTR W,2,1.462,Honda,"HR-V, Ridgeline","2015, 2016, 2017, 2018, 2019"

91505-TM8-003,CLIP BUMPER,140,0.765,Honda,"Odyssey, Passport",2010

91506-S9A-003,CLIP BPR B,3,7.633,Honda,"Clarity, Pilot, S2000",2022

91506-THR-A01,CLIP B MLDG QTR W,2,1.462,Honda,"Crosstour, Fit, Ridgeline","2015, 2016, 2017, 2018"

91512-STK-A01,CLIP T/G GARN,11,5.287,Honda,Insight,"2018, 2019, 2020, 2021, 2022"

91513-SHJ-003,CLIP A,17,3.774,Honda,"Accord, Civic, S2000","2021, 2022, 2023"

91513-SJC-A01,CLIP GARN,19,1.326,Honda,"Accord, CR-V, Crosstour",2019

91513-SJK-003,CLIP T/GATE GARN,18,9.112,Honda,"Clarity, S2000",2020

91513-T6A-003,CLIP T/GATE SPOIL,9,18.088,Honda,S2000,"2017, 2018, 2019"

91513-T7A-003,CLIP ARCH PROTECT,13,3.417,Honda,"Element, HR-V, Passport",2013

91520-T20-003,CLIP HOOD PROTECT,8,0.578,Honda,HR-V,"2014, 2015, 2016"

91547-TZ5-A02,STRIKER ENGINE CO,4,1.445,Honda,"CR-V, Crosstour, HR-V, Odyssey, Ridgeline",2014

91548-TZ5-A02,LATCH ENGINE COVE,13,1.139,Honda,"Accord, CR-Z, HR-V, Pilot",2012

91560-SZW-003,CLIP DOOR LNG,1,0.595,Honda,S2000,"2012, 2013, 2014, 2015, 2016, 2017, 2018"

91560-SZW-J01,CLIP PLR GARN,6,4.59,Honda,"Crosstour, HR-V, Pilot",2015

91560-TG1-T01,CLIP GARN(SEAL),7,3.111,Honda,"Accord, Clarity, Element, Fit",2020

91561-SJD-003,CLIP PLR,5,5.083,Honda,S2000,"2010, 2011"

91561-TVA-A01,CLIP ASSY PLR GAR,5,3.927,Honda,"CR-V, CR-Z, Element, HR-V, Passport","2020, 2021, 2022, 2023"

91570-TG7-305,CLIP FR,0,14.416,Honda,Ridgeline,2016

91578-SW5-003,CLIP FR GRILLE B,12,11.305,Honda,Element,"2011, 2012, 2013, 2014"

91578-T0A-003,CLIP FR GRILLE,10,10.03,Honda,"CR-Z, Fit",2020

91604-SD2-013,GROMMET HOOD STAY,1,4.42,Honda,HR-V,2023

91626-STK-A01,GROM TAIL LIGHT,3,1.071,Honda,"Insight, Odyssey",2020

921,BULB,9,1.462,Honda,"CR-V, Crosstour, Insight, Ridgeline",2023

93600-060140H,SCREW FLAT 6X14,5,0.765,Honda,Clarity,2023

93903-25320,SCREW TAPP 5X16,3,1.105,Honda,HR-V,2022

94050-06080,NUT FLANGE 6MM,0,0.782,Honda,"Insight, Passport",2020

94050-08080,NUT FLANGE 8MM,7,1.122,Honda,"Accord, CR-Z, Clarity, Fit, S2000",2023

94050-12080,NUT FLANGE 12MM,6,2.227,Honda,Odyssey,2023

94109-12000,WASHER 12MM DRAIN,7,0.85,Honda,Odyssey,"2018, 2019"

94109-14000,WASHER DRAIN 14MM,534,0.629,Honda,"CR-V, Civic, Crosstour, S2000","2019, 2020, 2021, 2022, 2023"

94109-20000,WASHER DRAIN PLUG,38,1.7,Honda,S2000,"2020, 2021"

98079-5514N,SPARK PLUG,8,15.96,Honda,"Fit, Odyssey",2010

98079-5614N,SPARK PLUG,4,20.566,Honda,"Clarity, Fit, Insight, Ridgeline",2010

9807B-5517W,SPARK PLUG,18,28.042,Honda,"Accord, Fit","2014, 2015, 2016"

9807B-5617W,SPARK PLUG,34,28.042,Honda,"Fit, Passport, Ridgeline, S2000",2018

9807B-561BW,SPARK PLUG,14,28.042,Honda,"Crosstour, Element, Fit, S2000",2016

9807B-56A7W,SPARK PLUG,12,28.042,Honda,"CR-V, Element, Fit, Insight, Pilot","2019, 2020, 2021, 2022"

AA,AA BATT,17,0.697,Honda,Accord,"2014, 2015, 2016, 2017, 2018, 2019, 2020, 2021, 2022"

AAA,BATT-EACH,11,0.697,Honda,"CR-Z, Odyssey, Pilot",2013

BEAR,PLUSH BROWN TEDDY BEAR,10,29.19,Honda,CR-Z,"2017, 2018, 2019, 2020, 2021"

BG-115,MOA OIL CONDITIONER BGPR,33,22.82,Honda,"CR-V, Ridgeline, S2000","2020, 2021, 2022, 2023"

BG-303,CVT TRANS FLUSH BGPR,22,21.77,Honda,Insight,2023

BG-3106,DW1 TRAN CONDITONER BGPR,22,19.6,Honda,CR-V,"2014, 2015, 2016, 2017, 2018"

BG-438,RUST-PENETRATION BGPR,5,22.26,Honda,"CR-Z, Civic, Odyssey, Ridgeline","2016, 2017, 2018, 2019, 2020, 2021, 2022"

BG-5901,RAD FLUSH BGPR,5,33.88,Honda,"Accord, CR-Z, Odyssey, Ridgeline",2016

BG-6579,MOA/EPR ENGINE KIT BGPR,0,48.23,Honda,"Fit, Odyssey, Passport, Ridgeline","2016, 2017, 2018"

BG-6700,P/S FLUSH BGPR,11,62.37,Honda,"Accord, Civic, Clarity, Element, Insight","2016, 2017, 2018, 2019, 2020, 2021"

BG-8830,BRAKE FLUSH KIT BGPR,32,39.69,Honda,Element,"2019, 2020, 2021"

BG-KF65,EMISSION FLUSH KIT BGPR,14,105.91,Honda,Pilot,"2018, 2019"

BLACKHAT,BLACK WHITE PINK HAT,16,15.33,Honda,Insight,2023

BOTTLE,WATER BOTTLE HONDA 50,0,10.54,Honda,Fit,"2015, 2016, 2017, 2018, 2019"

C18-60,CARBON 18% TINT,0,4.25,Honda,"Element, Insight, Pilot, Ridgeline",2015

CA666-88,ANTIFR HON TYPE 2,31,22.078,Honda,"Accord, CR-V, Clarity, Crosstour, Insight",2011

CA668-01,HONDA 5W30 (SJ),51,8.925,Honda,Pilot,"2010, 2011, 2012, 2013, 2014, 2015, 2016, 2017, 2018, 2019, 2020"

CA668-06,HONDA 5W20,60,10.557,Honda,"Accord, CR-V, Civic, HR-V","2015, 2016, 2017, 2018, 2019, 2020, 2021, 2022"

CA668-44,HONDA ATF-DW1 1LT,130,16.065,Honda,"CR-V, Fit","2013, 2014, 2015, 2016, 2017, 2018, 2019, 2020, 2021"

CA66846,0W20 HONDA,30,12.24,Honda,"CR-V, Civic, Passport, Pilot, Ridgeline","2010, 2011, 2012, 2013, 2014, 2015, 2016, 2017, 2018"

CA669-28,80W90 GEAR OIL 1L,3,15.555,Honda,"Clarity, Ridgeline",2021

CA66913,ENG SHAMPOO 380G,52,8.415,Honda,Element,"2012, 2013, 2014, 2015, 2016"

CA670-06,HONDA 5W20 SYNTH,47,15.963,Honda,CR-Z,2022

CA67008H,75W85 HG0-1HYPO H,14,20.202,Honda,Crosstour,2012

CH11665,OIL FILTER DG 3.5,1,10.625,Honda,Pilot,"2018, 2019, 2020, 2021"

CH9972,OIL FILTER,2,7.82,Honda,"Civic, Element, Insight, Odyssey","2013, 2014, 2015, 2016, 2017, 2018, 2019, 2020"

COFFEE,COFFEE BLACK VALHALLA BLUE RED SILVER MUG,11,22.05,Honda,"CR-Z, Crosstour, HR-V, Passport",2015

CORE,BATTERY,1,25.2,Honda,"Civic, Pilot",2017

CR1616,CR1616 BAT,13,3.383,Honda,"Civic, Element, Fit, HR-V","2013, 2014, 2015, 2016, 2017, 2018"

CR1620,CR1620,23,3.383,Honda,"Element, Fit, Odyssey, Pilot, S2000","2015, 2016, 2017, 2018, 2019, 2020, 2021, 2022, 2023"

CR2016,LITHIUM BATTERY,19,3.383,Honda,Clarity,"2014, 2015"

CR2025,LITHIUM BATTERY,3,2.652,Honda,"CR-Z, Civic, HR-V","2010, 2011, 2012, 2013, 2014, 2015, 2016, 2017, 2018, 2019, 2020, 2021, 2022"

CR2032,LITHIUM,61,3.383,Honda,S2000,2022

DC3,STR MODULE STARTER BRAIN DC3,16,206.25,Honda,Element,2012

EHC,OIL COLLECTION FEE,0,0.85,Honda,"Accord, Crosstour, Fit",2017

FABRIC,PROTECTION,24,23.212,Honda,"CR-Z, Civic",2019

FIRSTAID,FIRST AID HONDA KIT,9,22.75,Honda,"Civic, Element, Fit, HR-V, Pilot",2018

FREIGHT,SHIPPING,0,0.017,Honda,"HR-V, Pilot",2023

GLASS,GLASS CLEANER,5,8.857,Honda,"Clarity, Passport, Pilot","2019, 2020, 2021, 2022, 2023"

GREYHAT,GREY HAT BALL CAP,0,24.906,Honda,"Insight, Ridgeline","2019, 2020"

HAT50,RETRO HONDA 50 BALLCAP HAT,2,8.16,Honda,HR-V,"2012, 2013, 2014"

HS010,CLAMP,14,1.479,Honda,"Element, Ridgeline",2023

ILZKA-R8J-8SY,S/PLG ILZKAR8J8SY,34,28.042,Honda,CR-V,2023

KEY,WAVE-DOOR,67,2.261,Honda,"Civic, Element",2023

LIGHT,FLASH LIGHT TELE MAGNET,17,16.235,Honda,"CR-Z, Clarity, Fit","2010, 2011, 2012, 2013, 2014, 2015, 2016, 2017, 2018, 2019, 2020, 2021"

MESH,GREY RED HAT MESH CAP,13,17.64,Honda,"CR-Z, Odyssey, Ridgeline",2014

MONKEY,PLUSH MONKEY,6,28.21,Honda,"Accord, Pilot",2012

ODYALLOY18,"18"" HO950 ALLOY SILVER",0,225.7,Honda,"CR-V, HR-V, Ridgeline, S2000",2023

OGIO,HONDA GOLF SHIRT,80,53.578,Honda,CR-V,"2015, 2016, 2017, 2018"

OPTEON1234YF,FREON PER OZ,1114,11.016,Honda,"Accord, Crosstour, Odyssey","2011, 2012, 2013, 2014, 2015, 2016, 2017, 2018"

ORANGE,WHEELLOCK,3,53.2,Honda,"CR-V, Pilot","2012, 2013, 2014, 2015, 2016"

PAINT,PROTECTION,26,27.356,Honda,"Civic, Element, HR-V, Insight, Ridgeline","2018, 2019, 2020"

PH10060,O/F 57060,2,5.593,Honda,Insight,"2015, 2016"

PH10575,OIL FILTER,2,6.528,Honda,"Civic, Crosstour, Odyssey",2018

PH3593,OIL FILTER,3,5.593,Honda,HR-V,"2011, 2012, 2013, 2014, 2015, 2016"

PH3614,OIL FILTER,1,6.443,Honda,"CR-Z, Civic, HR-V, Pilot, Ridgeline",2022

PH6607,OIL FILTER,1,5.593,Honda,"Accord, Clarity, HR-V, Passport","2016, 2017, 2018"

Q9,2 WAY STARTER,5,250,Honda,"Element, Ridgeline, S2000",2014

R134,A/C CHARGE,57,28.798,Honda,CR-Z,"2011, 2012, 2013, 2014, 2015"

RUST,PROTECTION,0,26.25,Honda,CR-V,2021

SPRAY-9,ALL PURP CLEANER,7,14.382,Honda,"Crosstour, Insight","2013, 2014, 2015, 2016, 2017, 2018, 2019, 2020"

TOOL,MULTI TOOL HONDA,11,24.71,Honda,"Element, Ridgeline",2017

TOQUE,BLACK BEANIE TOQUE,10,21.28,Honda,CR-V,2020

TOTE,BAG HONDA LAPTOP MEETING TOTE,1,20.02,Honda,"Accord, Clarity, Insight, Passport, Ridgeline",2022

TOTE2,LUNCH BAG TOTE GREY,53,23.17,Honda,Clarity,2022

TUCHN-H57-8A1,T U PEN NH578,1,15.05,Honda,CR-V,"2011, 2012, 2013, 2014, 2015, 2016, 2017, 2018, 2019, 2020, 2021, 2022, 2023"

TUCHN-H60-3PA1,WHITE DIAMOND,1,15.05,Honda,"Accord, Civic, HR-V, Pilot, S2000",2023

TUCHN-H73-1PA1,CRYSTAL BLACK,3,15.05,Honda,CR-V,"2018, 2019, 2020, 2021"

TUCHN-H78-8PA1,T U PEN NH788P,4,15.05,Honda,"CR-V, Civic, Element, Odyssey","2012, 2013, 2014, 2015"

TUCHN-H79-7MA1,T/U PEN NH797M,2,15.05,Honda,Insight,2017

TUCHN-H88-3PA1,T/U PAINT,3,15.05,Honda,"Accord, Civic, Clarity, Odyssey, Ridgeline",2012

TUMBLER,BLACK WATER BOTTLE METAL RED,8,20.65,Honda,"Clarity, Fit, Insight, Odyssey, S2000",2021

TUMBLER2,WHITE TUMBLER,0,28.658,Honda,"Accord, CR-V, CR-Z, Clarity","2011, 2012, 2013, 2014"

UNDERCOAT,PROTECTION,37,61.6,Honda,"Clarity, Fit, Passport, Pilot",2016